2024-07-17 05:11:57,46,69
2024-07-17 05:11:58,46,68
2024-07-17 05:11:59,47,68
2024-07-17 05:12:00,47,68
2024-07-17 05:12:01,48,68
2024-07-17 05:12:02,48,68
2024-07-17 05:12:03,49,67
2024-07-17 05:12:04,49,66
2024-07-17 05:12:05,50,66
2024-07-17 05:12:06,50,66
2024-07-17 05:12:07,51,66
2024-07-17 05:12:08,51,66
2024-07-17 05:12:09,52,65
2024-07-17 05:12:10,82,45
2024-07-17 05:12:12,82,45
2024-07-17 05:12:13,82,44
2024-07-17 05:12:14,83,44
2024-07-17 05:12:15,83,44
2024-07-17 05:12:16,83,44
2024-07-17 05:12:17,83,44
2024-07-17 05:12:18,83,44
2024-07-17 05:12:19,83,44
2024-07-17 05:12:20,84,44
2024-07-17 05:12:21,84,44
2024-07-17 05:12:22,84,44
2024-07-17 05:12:23,84,43
2024-07-17 05:12:24,84,43
2024-07-17 05:12:25,58,60
2024-07-17 05:12:27,59,60
2024-07-17 05:12:28,59,60
2024-07-17 05:12:29,60,60
2024-07-17 05:12:30,60,60
2024-07-17 05:12:31,61,59
2024-07-17 05:12:32,61,59
2024-07-17 05:12:33,61,58
2024-07-17 05:12:34,62,58
2024-07-17 05:12:35,62,58
2024-07-17 05:12:36,63,58
2024-07-17 05:12:37,63,57
2024-07-17 05:12:38,63,57
2024-07-17 05:12:39,64,57
2024-07-17 05:12:40,64,57
2024-07-17 05:12:42,45,99
2024-07-17 05:12:43,45,98
2024-07-17 05:12:44,46,98
2024-07-17 05:12:45,46,98
2024-07-17 05:12:46,47,97
2024-07-17 05:12:47,47,97
2024-07-17 05:12:48,48,97
2024-07-17 05:12:49,48,96
2024-07-17 05:12:50,48,96
2024-07-17 05:12:51,49,96
2024-07-17 05:12:52,49,95
2024-07-17 05:12:53,50,95
2024-07-17 05:12:54,50,95
2024-07-17 05:12:55,84,45
2024-07-17 05:12:57,84,45
2024-07-17 05:12:58,84,45
2024-07-17 05:12:59,84,44
2024-07-17 05:13:00,84,44
2024-07-17 05:13:01,84,44
2024-07-17 05:13:02,84,44
2024-07-17 05:13:03,85,44
2024-07-17 05:13:04,85,44
2024-07-17 05:13:05,85,44
2024-07-17 05:13:06,85,44
2024-07-17 05:13:07,85,44
2024-07-17 05:13:08,85,43
2024-07-17 05:13:09,86,43
2024-07-17 05:13:10,86,43
2024-07-17 05:13:12,44,96
2024-07-17 05:13:13,43,96
2024-07-17 05:13:14,43,95
2024-07-17 05:13:15,43,95
2024-07-17 05:13:16,42,95
2024-07-17 05:13:17,42,95
2024-07-17 05:13:18,42,94
2024-07-17 05:13:19,41,94
2024-07-17 05:13:20,41,94
2024-07-17 05:13:21,41,93
2024-07-17 05:13:22,40,93
2024-07-17 05:13:23,40,93
2024-07-17 05:13:24,40,92
2024-07-17 05:13:25,60,45
2024-07-17 05:13:27,60,44
2024-07-17 05:13:28,60,44
2024-07-17 05:13:29,60,43
2024-07-17 05:13:30,59,43
2024-07-17 05:13:31,59,42
2024-07-17 05:13:32,59,42
2024-07-17 05:13:33,59,41
2024-07-17 05:13:34,59,41
2024-07-17 05:13:35,59,40
2024-07-17 05:13:36,59,40
2024-07-17 05:13:37,58,39
2024-07-17 05:13:38,58,39
2024-07-17 05:13:39,58,38
2024-07-17 05:13:40,57,38
2024-07-17 05:13:42,69,78
2024-07-17 05:13:43,70,78
2024-07-17 05:13:44,70,77
2024-07-17 05:13:45,71,77
2024-07-17 05:13:46,71,76
2024-07-17 05:13:47,71,76
2024-07-17 05:13:48,72,76
2024-07-17 05:13:49,72,75
2024-07-17 05:13:50,72,75
2024-07-17 05:13:51,73,75
2024-07-17 05:13:52,73,75
2024-07-17 05:13:53,74,74
2024-07-17 05:13:54,74,73
2024-07-17 05:13:55,32,85
2024-07-17 05:13:57,33,85
2024-07-17 05:13:58,33,85
2024-07-17 05:13:59,33,85
2024-07-17 05:14:00,34,84
2024-07-17 05:14:01,34,83
2024-07-17 05:14:02,35,83
2024-07-17 05:14:03,35,83
2024-07-17 05:14:04,36,82
2024-07-17 05:14:05,36,82
2024-07-17 05:14:06,37,82
2024-07-17 05:14:07,37,81
2024-07-17 05:14:08,38,81
2024-07-17 05:14:09,38,81
2024-07-17 05:14:10,39,80
2024-07-17 05:14:12,39,80
2024-07-17 05:14:13,40,79
2024-07-17 05:14:14,40,79
2024-07-17 05:14:15,41,79
2024-07-17 05:14:16,41,78
2024-07-17 05:14:17,42,78
2024-07-17 05:14:18,42,78
2024-07-17 05:14:19,43,77
2024-07-17 05:14:20,43,77
2024-07-17 05:14:21,44,77
2024-07-17 05:14:22,44,77
2024-07-17 05:14:23,45,76
2024-07-17 05:14:24,45,75
2024-07-17 05:14:25,46,75
2024-07-17 05:14:27,38,89
2024-07-17 05:14:28,38,89
2024-07-17 05:14:29,38,88
2024-07-17 05:14:30,39,88
2024-07-17 05:14:31,39,88
2024-07-17 05:14:32,40,88
2024-07-17 05:14:33,40,87
2024-07-17 05:14:34,40,87
2024-07-17 05:14:35,41,87
2024-07-17 05:14:36,41,86
2024-07-17 05:14:37,42,86
2024-07-17 05:14:38,42,86
2024-07-17 05:14:39,42,86
2024-07-17 05:14:40,43,85
2024-07-17 05:14:42,30,50
2024-07-17 05:14:43,31,50
2024-07-17 05:14:44,32,49
2024-07-17 05:14:45,32,49
2024-07-17 05:14:46,33,49
2024-07-17 05:14:47,34,48
2024-07-17 05:14:48,34,48
2024-07-17 05:14:49,35,48
2024-07-17 05:14:50,35,47
2024-07-17 05:14:51,36,47
2024-07-17 05:14:52,37,47
2024-07-17 05:14:53,37,46
2024-07-17 05:14:54,38,46
2024-07-17 05:14:55,39,46
2024-07-17 05:14:57,84,51
2024-07-17 05:14:58,84,51
2024-07-17 05:14:59,84,51
2024-07-17 05:15:00,84,50
2024-07-17 05:15:01,84,50
2024-07-17 05:15:02,84,49
2024-07-17 05:15:03,84,49
2024-07-17 05:15:04,84,49
2024-07-17 05:15:05,84,48
2024-07-17 05:15:06,84,48
2024-07-17 05:15:07,84,47
2024-07-17 05:15:08,83,47
2024-07-17 05:15:09,83,47
2024-07-17 05:15:10,83,46
2024-07-17 05:15:12,49,41
2024-07-17 05:15:13,50,41
2024-07-17 05:15:14,50,41
2024-07-17 05:15:15,51,41
2024-07-17 05:15:16,51,40
2024-07-17 05:15:17,52,40
2024-07-17 05:15:18,52,40
2024-07-17 05:15:19,53,40
2024-07-17 05:15:20,54,40
2024-07-17 05:15:21,54,40
2024-07-17 05:15:22,55,39
2024-07-17 05:15:23,55,39
2024-07-17 05:15:24,56,39
2024-07-17 05:15:25,56,39
2024-07-17 05:15:27,32,48
2024-07-17 05:15:28,32,48
2024-07-17 05:15:29,33,48
2024-07-17 05:15:30,33,48
2024-07-17 05:15:31,34,48
2024-07-17 05:15:32,34,48
2024-07-17 05:15:33,35,48
2024-07-17 05:15:34,36,48
2024-07-17 05:15:35,36,48
2024-07-17 05:15:36,37,48
2024-07-17 05:15:37,37,48
2024-07-17 05:15:38,38,48
2024-07-17 05:15:39,38,48
2024-07-17 05:15:40,64,36
2024-07-17 05:15:42,64,36
2024-07-17 05:15:43,65,36
2024-07-17 05:15:44,65,36
2024-07-17 05:15:45,65,36
2024-07-17 05:15:46,66,36
2024-07-17 05:15:47,66,36
2024-07-17 05:15:48,67,36
2024-07-17 05:15:49,67,35
2024-07-17 05:15:50,67,35
2024-07-17 05:15:51,68,35
2024-07-17 05:15:52,68,35
2024-07-17 05:15:53,68,35
2024-07-17 05:15:54,69,35
2024-07-17 05:15:55,69,35
2024-07-17 05:15:57,48,49
2024-07-17 05:15:58,48,49
2024-07-17 05:15:59,49,49
2024-07-17 05:16:00,49,50
2024-07-17 05:16:01,50,50
2024-07-17 05:16:02,50,50
2024-07-17 05:16:03,51,50
2024-07-17 05:16:04,52,50
2024-07-17 05:16:05,52,50
2024-07-17 05:16:06,53,50
2024-07-17 05:16:07,53,50
2024-07-17 05:16:08,54,50
2024-07-17 05:16:09,54,50
2024-07-17 05:16:10,83,48
2024-07-17 05:16:12,83,48
2024-07-17 05:16:13,83,47
2024-07-17 05:16:14,83,47
2024-07-17 05:16:15,84,47
2024-07-17 05:16:16,84,47
2024-07-17 05:16:17,84,47
2024-07-17 05:16:18,84,47
2024-07-17 05:16:19,84,47
2024-07-17 05:16:20,85,47
2024-07-17 05:16:21,85,46
2024-07-17 05:16:22,85,46
2024-07-17 05:16:23,85,46
2024-07-17 05:16:24,85,46
2024-07-17 05:16:25,85,46
2024-07-17 05:16:27,56,94
2024-07-17 05:16:28,56,93
2024-07-17 05:16:29,57,93
2024-07-17 05:16:30,57,93
2024-07-17 05:16:31,58,92
2024-07-17 05:16:32,58,92
2024-07-17 05:16:33,58,91
2024-07-17 05:16:34,59,91
2024-07-17 05:16:35,59,91
2024-07-17 05:16:36,60,91
2024-07-17 05:16:37,60,91
2024-07-17 05:16:38,61,90
2024-07-17 05:16:39,61,89
2024-07-17 05:16:40,61,89
2024-07-17 05:16:42,62,88
2024-07-17 05:16:43,62,88
2024-07-17 05:16:44,63,88
2024-07-17 05:16:45,63,87
2024-07-17 05:16:46,64,87
2024-07-17 05:16:47,64,87
2024-07-17 05:16:48,64,86
2024-07-17 05:16:49,65,86
2024-07-17 05:16:50,65,85
2024-07-17 05:16:51,66,85
2024-07-17 05:16:52,66,85
2024-07-17 05:16:53,66,84
2024-07-17 05:16:54,67,84
2024-07-17 05:16:55,67,84
2024-07-17 05:16:57,73,55
2024-07-17 05:16:58,73,54
2024-07-17 05:16:59,73,53
2024-07-17 05:17:00,73,53
2024-07-17 05:17:01,73,52
2024-07-17 05:17:02,73,52
2024-07-17 05:17:03,73,51
2024-07-17 05:17:04,73,51
2024-07-17 05:17:05,73,50
2024-07-17 05:17:06,72,50
2024-07-17 05:17:07,72,49
2024-07-17 05:17:08,72,49
2024-07-17 05:17:09,72,48
2024-07-17 05:17:10,72,84
2024-07-17 05:17:12,72,84
2024-07-17 05:17:13,73,84
2024-07-17 05:17:14,73,83
2024-07-17 05:17:15,73,83
2024-07-17 05:17:16,74,83
2024-07-17 05:17:17,74,83
2024-07-17 05:17:18,74,82
2024-07-17 05:17:19,75,82
2024-07-17 05:17:20,75,82
2024-07-17 05:17:21,75,82
2024-07-17 05:17:22,75,82
2024-07-17 05:17:23,76,81
2024-07-17 05:17:24,76,81
2024-07-17 05:17:25,33,66
2024-07-17 05:17:27,32,66
2024-07-17 05:17:28,32,65
2024-07-17 05:17:29,32,65
2024-07-17 05:17:30,32,64
2024-07-17 05:17:31,31,63
2024-07-17 05:17:32,31,63
2024-07-17 05:17:33,30,63
2024-07-17 05:17:34,30,63
2024-07-17 05:17:35,30,61
2024-07-17 05:17:36,29,61
2024-07-17 05:17:37,29,60
2024-07-17 05:17:38,29,59
2024-07-17 05:17:39,29,59
2024-07-17 05:17:40,28,59
2024-07-17 05:17:42,69,33
2024-07-17 05:17:43,69,33
2024-07-17 05:17:44,69,32
2024-07-17 05:17:45,69,32
2024-07-17 05:17:46,69,31
2024-07-17 05:17:47,69,31
2024-07-17 05:17:48,69,30
2024-07-17 05:17:49,69,30
2024-07-17 05:17:50,69,30
2024-07-17 05:17:51,69,29
2024-07-17 05:17:52,69,29
2024-07-17 05:17:53,68,28
2024-07-17 05:17:54,68,28
2024-07-17 05:17:55,84,64
2024-07-17 05:17:57,85,64
2024-07-17 05:17:58,85,64
2024-07-17 05:17:59,85,63
2024-07-17 05:18:00,85,63
2024-07-17 05:18:01,85,63
2024-07-17 05:18:02,86,63
2024-07-17 05:18:03,86,62
2024-07-17 05:18:04,86,62
2024-07-17 05:18:05,86,62
2024-07-17 05:18:06,86,61
2024-07-17 05:18:07,87,61
2024-07-17 05:18:08,87,61
2024-07-17 05:18:09,87,61
2024-07-17 05:18:10,87,60
2024-07-17 05:18:12,67,93
2024-07-17 05:18:13,67,93
2024-07-17 05:18:14,67,93
2024-07-17 05:18:15,67,93
2024-07-17 05:18:16,67,92
2024-07-17 05:18:17,67,92
2024-07-17 05:18:18,67,92
2024-07-17 05:18:19,67,92
2024-07-17 05:18:20,67,91
2024-07-17 05:18:21,67,91
2024-07-17 05:18:22,67,91
2024-07-17 05:18:23,67,90
2024-07-17 05:18:24,67,90
2024-07-17 05:18:25,66,68
2024-07-17 05:18:27,67,68
2024-07-17 05:18:28,67,67
2024-07-17 05:18:29,68,67
2024-07-17 05:18:30,68,67
2024-07-17 05:18:31,68,67
2024-07-17 05:18:32,69,67
2024-07-17 05:18:33,69,67
2024-07-17 05:18:34,70,66
2024-07-17 05:18:35,70,66
2024-07-17 05:18:36,70,66
2024-07-17 05:18:37,71,66
2024-07-17 05:18:38,71,66
2024-07-17 05:18:39,71,66
2024-07-17 05:18:40,72,65
2024-07-17 05:18:42,29,53
2024-07-17 05:18:43,29,53
2024-07-17 05:18:44,30,52
2024-07-17 05:18:45,30,52
2024-07-17 05:18:46,31,52
2024-07-17 05:18:47,31,52
2024-07-17 05:18:48,32,52
2024-07-17 05:18:49,33,51
2024-07-17 05:18:50,33,51
2024-07-17 05:18:51,34,51
2024-07-17 05:18:52,34,51
2024-07-17 05:18:53,35,51
2024-07-17 05:18:54,35,50
2024-07-17 05:18:55,36,50
2024-07-17 05:18:57,37,50
2024-07-17 05:18:58,37,50
2024-07-17 05:18:59,38,50
2024-07-17 05:19:00,38,50
2024-07-17 05:19:01,39,50
2024-07-17 05:19:02,40,49
2024-07-17 05:19:03,40,49
2024-07-17 05:19:04,41,49
2024-07-17 05:19:05,41,49
2024-07-17 05:19:06,42,49
2024-07-17 05:19:07,42,49
2024-07-17 05:19:08,43,49
2024-07-17 05:19:09,44,48
2024-07-17 05:19:10,44,48
2024-07-17 05:19:12,63,66
2024-07-17 05:19:13,64,66
2024-07-17 05:19:14,64,66
2024-07-17 05:19:15,65,65
2024-07-17 05:19:16,65,65
2024-07-17 05:19:17,65,64
2024-07-17 05:19:18,66,64
2024-07-17 05:19:19,66,64
2024-07-17 05:19:20,66,63
2024-07-17 05:19:21,67,63
2024-07-17 05:19:22,67,63
2024-07-17 05:19:23,67,63
2024-07-17 05:19:24,68,63
2024-07-17 05:19:25,68,63
2024-07-17 05:19:27,64,73
2024-07-17 05:19:28,64,73
2024-07-17 05:19:29,64,72
2024-07-17 05:19:30,64,72
2024-07-17 05:19:31,64,71
2024-07-17 05:19:32,63,71
2024-07-17 05:19:33,63,70
2024-07-17 05:19:34,63,70
2024-07-17 05:19:35,63,70
2024-07-17 05:19:36,63,69
2024-07-17 05:19:37,62,69
2024-07-17 05:19:38,62,68
2024-07-17 05:19:39,62,68
2024-07-17 05:19:40,62,67
2024-07-17 05:19:42,55,97
2024-07-17 05:19:43,55,97
2024-07-17 05:19:44,56,97
2024-07-17 05:19:45,56,96
2024-07-17 05:19:46,57,96
2024-07-17 05:19:47,57,96
2024-07-17 05:19:48,57,95
2024-07-17 05:19:49,58,95
2024-07-17 05:19:50,58,95
2024-07-17 05:19:51,59,94
2024-07-17 05:19:52,59,94
2024-07-17 05:19:53,59,94
2024-07-17 05:19:54,60,94
2024-07-17 05:19:55,60,94
2024-07-17 05:19:57,83,77
2024-07-17 05:19:58,83,77
2024-07-17 05:19:59,82,77
2024-07-17 05:20:00,82,77
2024-07-17 05:20:01,82,76
2024-07-17 05:20:02,82,76
2024-07-17 05:20:03,82,76
2024-07-17 05:20:04,82,75
2024-07-17 05:20:05,82,75
2024-07-17 05:20:06,82,75
2024-07-17 05:20:07,82,75
2024-07-17 05:20:08,82,74
2024-07-17 05:20:09,82,74
2024-07-17 05:20:10,82,74
2024-07-17 05:20:12,84,49
2024-07-17 05:20:13,84,49
2024-07-17 05:20:14,84,49
2024-07-17 05:20:15,84,48
2024-07-17 05:20:16,84,48
2024-07-17 05:20:17,84,48
2024-07-17 05:20:18,84,47
2024-07-17 05:20:19,84,47
2024-07-17 05:20:20,84,47
2024-07-17 05:20:21,84,46
2024-07-17 05:20:22,84,46
2024-07-17 05:20:23,84,46
2024-07-17 05:20:24,84,45
2024-07-17 05:20:25,84,45
2024-07-17 05:20:27,61,90
2024-07-17 05:20:28,61,89
2024-07-17 05:20:29,61,89
2024-07-17 05:20:30,60,89
2024-07-17 05:20:31,60,89
2024-07-17 05:20:32,60,89
2024-07-17 05:20:33,59,89
2024-07-17 05:20:34,59,88
2024-07-17 05:20:35,59,88
2024-07-17 05:20:36,59,88
2024-07-17 05:20:37,58,88
2024-07-17 05:20:38,58,88
2024-07-17 05:20:39,57,88
2024-07-17 05:20:40,57,88
2024-07-17 05:20:42,62,68
2024-07-17 05:20:43,62,68
2024-07-17 05:20:44,62,67
2024-07-17 05:20:45,61,67
2024-07-17 05:20:46,61,66
2024-07-17 05:20:47,61,66
2024-07-17 05:20:48,61,65
2024-07-17 05:20:49,61,65
2024-07-17 05:20:50,60,65
2024-07-17 05:20:51,60,65
2024-07-17 05:20:52,60,63
2024-07-17 05:20:53,60,63
2024-07-17 05:20:54,60,62
2024-07-17 05:20:55,53,45
2024-07-17 05:20:57,52,44
2024-07-17 05:20:58,52,44
2024-07-17 05:20:59,52,43
2024-07-17 05:21:00,52,43
2024-07-17 05:21:01,52,42
2024-07-17 05:21:02,51,41
2024-07-17 05:21:03,51,41
2024-07-17 05:21:04,51,40
2024-07-17 05:21:05,50,40
2024-07-17 05:21:06,50,39
2024-07-17 05:21:07,50,39
2024-07-17 05:21:08,50,38
2024-07-17 05:21:09,50,38
2024-07-17 05:21:10,50,37
2024-07-17 05:21:12,25,65
2024-07-17 05:21:13,26,65
2024-07-17 05:21:14,26,64
2024-07-17 05:21:15,27,64
2024-07-17 05:21:16,27,64
2024-07-17 05:21:17,28,64
2024-07-17 05:21:18,29,63
2024-07-17 05:21:19,29,62
2024-07-17 05:21:20,30,62
2024-07-17 05:21:21,30,62
2024-07-17 05:21:22,31,62
2024-07-17 05:21:23,32,61
2024-07-17 05:21:24,32,60
2024-07-17 05:21:25,33,60
2024-07-17 05:21:27,52,101
2024-07-17 05:21:28,52,101
2024-07-17 05:21:29,52,100
2024-07-17 05:21:30,52,100
2024-07-17 05:21:31,51,100
2024-07-17 05:21:32,51,100
2024-07-17 05:21:33,51,100
2024-07-17 05:21:34,51,99
2024-07-17 05:21:35,50,99
2024-07-17 05:21:36,50,99
2024-07-17 05:21:37,50,99
2024-07-17 05:21:38,50,99
2024-07-17 05:21:39,49,99
2024-07-17 05:21:40,70,67
2024-07-17 05:21:42,70,67
2024-07-17 05:21:43,70,66
2024-07-17 05:21:44,69,66
2024-07-17 05:21:45,69,65
2024-07-17 05:21:46,69,65
2024-07-17 05:21:47,69,65
2024-07-17 05:21:48,69,64
2024-07-17 05:21:49,69,64
2024-07-17 05:21:50,69,63
2024-07-17 05:21:51,68,63
2024-07-17 05:21:52,68,62
2024-07-17 05:21:53,68,62
2024-07-17 05:21:54,68,62
2024-07-17 05:21:55,68,61
2024-07-17 05:21:57,85,48
2024-07-17 05:21:58,85,48
2024-07-17 05:21:59,85,47
2024-07-17 05:22:00,85,47
2024-07-17 05:22:01,85,47
2024-07-17 05:22:02,85,46
2024-07-17 05:22:03,85,46
2024-07-17 05:22:04,85,45
2024-07-17 05:22:05,85,45
2024-07-17 05:22:06,85,45
2024-07-17 05:22:07,85,44
2024-07-17 05:22:08,85,44
2024-07-17 05:22:09,85,43
2024-07-17 05:22:10,50,61
2024-07-17 05:22:12,50,61
2024-07-17 05:22:13,51,61
2024-07-17 05:22:14,52,61
2024-07-17 05:22:15,52,61
2024-07-17 05:22:16,53,61
2024-07-17 05:22:17,53,61
2024-07-17 05:22:18,54,61
2024-07-17 05:22:19,54,61
2024-07-17 05:22:20,55,61
2024-07-17 05:22:21,55,61
2024-07-17 05:22:22,56,61
2024-07-17 05:22:23,56,61
2024-07-17 05:22:24,57,61
2024-07-17 05:22:25,57,61
2024-07-17 05:22:27,86,54
2024-07-17 05:22:28,86,54
2024-07-17 05:22:29,86,53
2024-07-17 05:22:30,86,53
2024-07-17 05:22:31,86,52
2024-07-17 05:22:32,85,52
2024-07-17 05:22:33,85,52
2024-07-17 05:22:34,85,51
2024-07-17 05:22:35,85,51
2024-07-17 05:22:36,85,51
2024-07-17 05:22:37,85,50
2024-07-17 05:22:38,85,50
2024-07-17 05:22:39,85,49
2024-07-17 05:22:40,60,41
2024-07-17 05:22:42,60,40
2024-07-17 05:22:43,59,40
2024-07-17 05:22:44,59,39
2024-07-17 05:22:45,59,39
2024-07-17 05:22:46,59,39
2024-07-17 05:22:47,59,38
2024-07-17 05:22:48,58,38
2024-07-17 05:22:49,58,37
2024-07-17 05:22:50,58,37
2024-07-17 05:22:51,58,36
2024-07-17 05:22:52,58,36
2024-07-17 05:22:53,58,36
2024-07-17 05:22:54,58,35
2024-07-17 05:22:55,58,35
2024-07-17 05:22:57,56,64
2024-07-17 05:22:58,56,64
2024-07-17 05:22:59,55,63
2024-07-17 05:23:00,55,63
2024-07-17 05:23:01,55,62
2024-07-17 05:23:02,55,61
2024-07-17 05:23:03,55,61
2024-07-17 05:23:04,55,60
2024-07-17 05:23:05,55,60
2024-07-17 05:23:06,55,59
2024-07-17 05:23:07,54,59
2024-07-17 05:23:08,54,58
2024-07-17 05:23:09,54,57
2024-07-17 05:23:10,55,29
2024-07-17 05:23:12,55,28
2024-07-17 05:23:13,55,28
2024-07-17 05:23:14,54,28
2024-07-17 05:23:15,54,27
2024-07-17 05:23:16,54,27
2024-07-17 05:23:17,54,27
2024-07-17 05:23:18,54,26
2024-07-17 05:23:19,54,26
2024-07-17 05:23:20,54,26
2024-07-17 05:23:21,54,26
2024-07-17 05:23:22,54,26
2024-07-17 05:23:23,54,26
2024-07-17 05:23:24,54,26
2024-07-17 05:23:25,54,26
2024-07-17 05:23:27,53,49
2024-07-17 05:23:28,53,48
2024-07-17 05:23:29,53,48
2024-07-17 05:23:30,53,47
2024-07-17 05:23:31,52,47
2024-07-17 05:23:32,52,46
2024-07-17 05:23:33,52,46
2024-07-17 05:23:34,52,45
2024-07-17 05:23:35,52,45
2024-07-17 05:23:36,52,44
2024-07-17 05:23:37,52,44
2024-07-17 05:23:38,52,43
2024-07-17 05:23:39,52,42
2024-07-17 05:23:40,52,42
2024-07-17 05:23:42,52,41
2024-07-17 05:23:43,51,41
2024-07-17 05:23:44,51,40
2024-07-17 05:23:45,51,40
2024-07-17 05:23:46,51,39
2024-07-17 05:23:47,51,39
2024-07-17 05:23:48,51,38
2024-07-17 05:23:49,51,38
2024-07-17 05:23:50,51,37
2024-07-17 05:23:51,51,37
2024-07-17 05:23:52,51,36
2024-07-17 05:23:53,51,36
2024-07-17 05:23:54,51,35
2024-07-17 05:23:55,84,51
2024-07-17 05:23:57,84,51
2024-07-17 05:23:58,84,50
2024-07-17 05:23:59,85,50
2024-07-17 05:24:00,85,50
2024-07-17 05:24:01,85,50
2024-07-17 05:24:02,85,49
2024-07-17 05:24:03,85,49
2024-07-17 05:24:04,86,49
2024-07-17 05:24:05,86,49
2024-07-17 05:24:06,86,49
2024-07-17 05:24:07,86,49
2024-07-17 05:24:08,86,49
2024-07-17 05:24:09,86,48
2024-07-17 05:24:10,86,48
2024-07-17 05:24:12,51,57
2024-07-17 05:24:13,51,56
2024-07-17 05:24:14,50,56
2024-07-17 05:24:15,50,55
2024-07-17 05:24:16,50,55
2024-07-17 05:24:17,50,54
2024-07-17 05:24:18,49,54
2024-07-17 05:24:19,49,53
2024-07-17 05:24:20,49,53
2024-07-17 05:24:21,49,52
2024-07-17 05:24:22,48,52
2024-07-17 05:24:23,48,51
2024-07-17 05:24:24,48,51
2024-07-17 05:24:25,58,69
2024-07-17 05:24:27,58,69
2024-07-17 05:24:28,58,68
2024-07-17 05:24:29,58,68
2024-07-17 05:24:30,58,67
2024-07-17 05:24:31,58,67
2024-07-17 05:24:32,58,66
2024-07-17 05:24:33,57,66
2024-07-17 05:24:34,57,65
2024-07-17 05:24:35,57,65
2024-07-17 05:24:36,57,64
2024-07-17 05:24:37,57,64
2024-07-17 05:24:38,57,63
2024-07-17 05:24:39,57,63
2024-07-17 05:24:40,57,62
2024-07-17 05:24:42,44,42
2024-07-17 05:24:43,44,42
2024-07-17 05:24:44,44,41
2024-07-17 05:24:45,44,41
2024-07-17 05:24:46,44,40
2024-07-17 05:24:47,43,40
2024-07-17 05:24:48,43,40
2024-07-17 05:24:49,43,40
2024-07-17 05:24:50,43,38
2024-07-17 05:24:51,43,38
2024-07-17 05:24:52,42,37
2024-07-17 05:24:53,42,37
2024-07-17 05:24:54,42,36
2024-07-17 05:24:55,42,36
2024-07-17 05:24:57,60,78
2024-07-17 05:24:58,60,77
2024-07-17 05:24:59,61,77
2024-07-17 05:25:00,61,76
2024-07-17 05:25:01,62,76
2024-07-17 05:25:02,62,76
2024-07-17 05:25:03,62,75
2024-07-17 05:25:04,63,75
2024-07-17 05:25:05,63,75
2024-07-17 05:25:06,64,74
2024-07-17 05:25:07,64,74
2024-07-17 05:25:08,64,73
2024-07-17 05:25:09,65,73
2024-07-17 05:25:10,49,56
2024-07-17 05:25:12,50,56
2024-07-17 05:25:13,51,55
2024-07-17 05:25:14,51,55
2024-07-17 05:25:15,52,55
2024-07-17 05:25:16,52,54
2024-07-17 05:25:17,53,54
2024-07-17 05:25:18,54,54
2024-07-17 05:25:19,54,54
2024-07-17 05:25:20,55,53
2024-07-17 05:25:21,55,53
2024-07-17 05:25:22,56,53
2024-07-17 05:25:23,57,52
2024-07-17 05:25:24,57,52
2024-07-17 05:25:25,58,51
2024-07-17 05:25:27,58,51
2024-07-17 05:25:28,59,51
2024-07-17 05:25:29,59,51
2024-07-17 05:25:30,60,50
2024-07-17 05:25:31,60,50
2024-07-17 05:25:32,61,50
2024-07-17 05:25:33,61,49
2024-07-17 05:25:34,62,49
2024-07-17 05:25:35,62,49
2024-07-17 05:25:36,63,49
2024-07-17 05:25:37,63,48
2024-07-17 05:25:38,64,48
2024-07-17 05:25:39,64,48
2024-07-17 05:25:40,65,48
2024-07-17 05:25:42,26,83
2024-07-17 05:25:43,26,83
2024-07-17 05:25:44,27,83
2024-07-17 05:25:45,27,83
2024-07-17 05:25:46,27,82
2024-07-17 05:25:47,28,82
2024-07-17 05:25:48,28,82
2024-07-17 05:25:49,29,82
2024-07-17 05:25:50,29,82
2024-07-17 05:25:51,30,82
2024-07-17 05:25:52,30,81
2024-07-17 05:25:53,31,81
2024-07-17 05:25:54,31,81
2024-07-17 05:25:55,67,38
2024-07-17 05:25:57,67,37
2024-07-17 05:25:58,66,37
2024-07-17 05:25:59,66,36
2024-07-17 05:26:00,66,36
2024-07-17 05:26:01,66,35
2024-07-17 05:26:02,66,35
2024-07-17 05:26:03,66,35
2024-07-17 05:26:04,65,35
2024-07-17 05:26:05,65,35
2024-07-17 05:26:06,65,33
2024-07-17 05:26:07,65,33
2024-07-17 05:26:08,65,33
2024-07-17 05:26:09,65,32
2024-07-17 05:26:10,65,32
2024-07-17 05:26:12,36,95
2024-07-17 05:26:13,37,94
2024-07-17 05:26:14,37,94
2024-07-17 05:26:15,38,94
2024-07-17 05:26:16,38,94
2024-07-17 05:26:17,38,93
2024-07-17 05:26:18,39,93
2024-07-17 05:26:19,39,93
2024-07-17 05:26:20,39,93
2024-07-17 05:26:21,40,92
2024-07-17 05:26:22,40,92
2024-07-17 05:26:23,40,92
2024-07-17 05:26:24,41,92
2024-07-17 05:26:25,47,75
2024-07-17 05:26:27,47,75
2024-07-17 05:26:28,48,75
2024-07-17 05:26:29,49,74
2024-07-17 05:26:30,49,74
2024-07-17 05:26:31,50,74
2024-07-17 05:26:32,50,73
2024-07-17 05:26:33,51,73
2024-07-17 05:26:34,51,73
2024-07-17 05:26:35,52,73
2024-07-17 05:26:36,52,73
2024-07-17 05:26:37,53,72
2024-07-17 05:26:38,53,72
2024-07-17 05:26:39,54,72
2024-07-17 05:26:40,54,72
2024-07-17 05:26:42,62,86
2024-07-17 05:26:43,61,86
2024-07-17 05:26:44,61,86
2024-07-17 05:26:45,61,86
2024-07-17 05:26:46,61,84
2024-07-17 05:26:47,60,84
2024-07-17 05:26:48,60,83
2024-07-17 05:26:49,60,83
2024-07-17 05:26:50,60,83
2024-07-17 05:26:51,59,83
2024-07-17 05:26:52,59,83
2024-07-17 05:26:53,59,83
2024-07-17 05:26:54,59,81
2024-07-17 05:26:55,58,81
2024-07-17 05:26:57,58,80
2024-07-17 05:26:58,58,80
2024-07-17 05:26:59,58,79
2024-07-17 05:27:00,58,79
2024-07-17 05:27:01,57,78
2024-07-17 05:27:02,57,78
2024-07-17 05:27:03,56,78
2024-07-17 05:27:04,56,78
2024-07-17 05:27:05,56,76
2024-07-17 05:27:06,56,76
2024-07-17 05:27:07,55,76
2024-07-17 05:27:08,55,75
2024-07-17 05:27:09,55,75
2024-07-17 05:27:10,56,87
2024-07-17 05:27:12,56,86
2024-07-17 05:27:13,56,86
2024-07-17 05:27:14,56,86
2024-07-17 05:27:15,56,85
2024-07-17 05:27:16,56,85
2024-07-17 05:27:17,56,84
2024-07-17 05:27:18,56,84
2024-07-17 05:27:19,56,84
2024-07-17 05:27:20,56,83
2024-07-17 05:27:21,56,83
2024-07-17 05:27:22,55,82
2024-07-17 05:27:23,55,82
2024-07-17 05:27:24,55,82
2024-07-17 05:27:25,55,81
2024-07-17 05:27:27,55,80
2024-07-17 05:27:28,54,80
2024-07-17 05:27:29,54,80
2024-07-17 05:27:30,54,79
2024-07-17 05:27:31,54,79
2024-07-17 05:27:32,54,78
2024-07-17 05:27:33,54,78
2024-07-17 05:27:34,54,77
2024-07-17 05:27:35,53,77
2024-07-17 05:27:36,53,76
2024-07-17 05:27:37,53,76
2024-07-17 05:27:38,53,75
2024-07-17 05:27:39,53,75
2024-07-17 05:27:40,59,58
2024-07-17 05:27:42,59,57
2024-07-17 05:27:43,59,57
2024-07-17 05:27:44,59,56
2024-07-17 05:27:45,59,56
2024-07-17 05:27:46,58,56
2024-07-17 05:27:47,58,56
2024-07-17 05:27:48,58,54
2024-07-17 05:27:49,58,54
2024-07-17 05:27:50,58,53
2024-07-17 05:27:51,58,53
2024-07-17 05:27:52,57,52
2024-07-17 05:27:53,57,52
2024-07-17 05:27:54,57,51
2024-07-17 05:27:55,56,51
2024-07-17 05:27:57,73,90
2024-07-17 05:27:58,74,90
2024-07-17 05:28:12,49,57
2024-07-17 05:28:13,49,57
2024-07-17 05:28:14,49,56
2024-07-17 05:28:15,49,56
2024-07-17 05:28:16,48,56
2024-07-17 05:28:17,48,56
2024-07-17 05:28:18,48,54
2024-07-17 05:28:19,48,54
2024-07-17 05:28:20,48,53
2024-07-17 05:28:21,48,53
2024-07-17 05:28:22,48,52
2024-07-17 05:28:23,48,52
2024-07-17 05:28:24,48,51
2024-07-17 05:28:25,48,51
2024-07-17 05:28:27,46,92
2024-07-17 05:28:28,46,92
2024-07-17 05:28:29,47,92
2024-07-17 05:28:30,47,92
2024-07-17 05:28:31,48,92
2024-07-17 05:28:32,48,91
2024-07-17 05:28:33,48,91
2024-07-17 05:28:34,49,91
2024-07-17 05:28:35,49,91
2024-07-17 05:28:36,50,91
2024-07-17 05:28:37,50,91
2024-07-17 05:28:38,51,90
2024-07-17 05:28:39,51,90
2024-07-17 05:28:40,56,58
2024-07-17 05:28:42,56,57
2024-07-17 05:28:43,57,57
2024-07-17 05:28:44,58,57
2024-07-17 05:28:45,58,56
2024-07-17 05:28:46,59,56
2024-07-17 05:28:47,59,56
2024-07-17 05:28:48,60,55
2024-07-17 05:28:49,60,55
2024-07-17 05:28:50,61,55
2024-07-17 05:28:51,61,54
2024-07-17 05:28:52,62,54
2024-07-17 05:28:53,62,54
2024-07-17 05:28:54,63,53
2024-07-17 05:28:55,63,53
2024-07-17 05:28:57,64,53
2024-07-17 05:28:58,64,53
2024-07-17 05:28:59,65,52
2024-07-17 05:29:00,65,52
2024-07-17 05:29:01,66,52
2024-07-17 05:29:02,66,52
2024-07-17 05:29:03,67,51
2024-07-17 05:29:04,67,51
2024-07-17 05:29:05,67,50
2024-07-17 05:29:06,68,50
2024-07-17 05:29:07,68,50
2024-07-17 05:29:08,69,50
2024-07-17 05:29:09,69,49
2024-07-17 05:29:10,82,41
2024-07-17 05:29:12,82,41
2024-07-17 05:29:13,82,41
2024-07-17 05:29:14,82,40
2024-07-17 05:29:15,82,40
2024-07-17 05:29:16,82,40
2024-07-17 05:29:17,82,39
2024-07-17 05:29:18,82,39
2024-07-17 05:29:19,82,39
2024-07-17 05:29:20,82,38
2024-07-17 05:29:21,82,38
2024-07-17 05:29:22,81,38
2024-07-17 05:29:23,81,38
2024-07-17 05:29:24,81,37
2024-07-17 05:29:25,81,37
2024-07-17 05:29:27,50,72
2024-07-17 05:29:28,50,71
2024-07-17 05:29:29,50,71
2024-07-17 05:29:30,50,70
2024-07-17 05:29:31,50,70
2024-07-17 05:29:32,50,69
2024-07-17 05:29:33,49,69
2024-07-17 05:29:34,49,68
2024-07-17 05:29:35,49,68
2024-07-17 05:29:36,49,67
2024-07-17 05:29:37,49,67
2024-07-17 05:29:38,49,66
2024-07-17 05:29:39,49,65
2024-07-17 05:29:40,48,65
2024-07-17 05:29:42,48,64
2024-07-17 05:29:43,48,64
2024-07-17 05:29:44,48,63
2024-07-17 05:29:45,48,63
2024-07-17 05:29:46,48,62
2024-07-17 05:29:47,48,62
2024-07-17 05:29:48,48,61
2024-07-17 05:29:49,47,60
2024-07-17 05:29:50,47,60
2024-07-17 05:29:51,47,59
2024-07-17 05:29:52,47,59
2024-07-17 05:29:53,47,58
2024-07-17 05:29:54,47,57
2024-07-17 05:29:55,65,75
2024-07-17 05:29:57,64,75
2024-07-17 05:29:58,64,74
2024-07-17 05:29:59,64,74
2024-07-17 05:30:00,64,73
2024-07-17 05:30:01,64,73
2024-07-17 05:30:02,64,72
2024-07-17 05:30:03,64,71
2024-07-17 05:30:04,64,71
2024-07-17 05:30:05,64,70
2024-07-17 05:30:06,64,70
2024-07-17 05:30:07,64,69
2024-07-17 05:30:08,63,69
2024-07-17 05:30:09,63,68
2024-07-17 05:30:10,63,67
2024-07-17 05:30:12,63,66
2024-07-17 05:30:13,63,66
2024-07-17 05:30:14,63,65
2024-07-17 05:30:15,63,64
2024-07-17 05:30:16,63,64
2024-07-17 05:30:17,63,63
2024-07-17 05:30:18,63,63
2024-07-17 05:30:19,62,62
2024-07-17 05:30:20,62,61
2024-07-17 05:30:21,62,61
2024-07-17 05:30:22,62,60
2024-07-17 05:30:23,62,59
2024-07-17 05:30:24,62,59
2024-07-17 05:30:25,62,58
2024-07-17 05:30:27,44,40
2024-07-17 05:30:28,44,40
2024-07-17 05:30:29,44,39
2024-07-17 05:30:30,44,39
2024-07-17 05:30:31,44,38
2024-07-17 05:30:32,44,38
2024-07-17 05:30:33,44,38
2024-07-17 05:30:34,44,37
2024-07-17 05:30:35,44,37
2024-07-17 05:30:36,43,36
2024-07-17 05:30:37,43,36
2024-07-17 05:30:38,44,36
2024-07-17 05:30:39,44,36
2024-07-17 05:30:40,43,35
2024-07-17 05:30:42,78,84
2024-07-17 05:30:43,78,83
2024-07-17 05:30:44,78,83
2024-07-17 05:30:45,78,83
2024-07-17 05:30:46,78,82
2024-07-17 05:30:47,78,82
2024-07-17 05:30:48,78,82
2024-07-17 05:30:49,78,81
2024-07-17 05:30:50,78,81
2024-07-17 05:30:51,78,80
2024-07-17 05:30:52,78,80
2024-07-17 05:30:53,78,80
2024-07-17 05:30:54,78,79
2024-07-17 05:30:55,78,79
2024-07-17 05:30:57,78,78
2024-07-17 05:30:58,78,78
2024-07-17 05:30:59,78,78
2024-07-17 05:31:00,78,77
2024-07-17 05:31:01,78,77
2024-07-17 05:31:02,78,76
2024-07-17 05:31:03,78,76
2024-07-17 05:31:04,78,76
2024-07-17 05:31:05,78,75
2024-07-17 05:31:06,78,75
2024-07-17 05:31:07,78,75
2024-07-17 05:31:08,78,74
2024-07-17 05:31:09,78,74
2024-07-17 05:31:10,78,73
2024-07-17 05:31:12,30,81
2024-07-17 05:31:13,30,80
2024-07-17 05:31:14,31,80
2024-07-17 05:31:15,31,80
2024-07-17 05:31:16,32,79
2024-07-17 05:31:17,32,79
2024-07-17 05:31:18,33,79
2024-07-17 05:31:19,33,78
2024-07-17 05:31:20,34,78
2024-07-17 05:31:21,34,77
2024-07-17 05:31:22,35,77
2024-07-17 05:31:23,35,77
2024-07-17 05:31:24,36,76
2024-07-17 05:31:25,36,76
2024-07-17 05:31:27,38,87
2024-07-17 05:31:28,38,87
2024-07-17 05:31:29,37,87
2024-07-17 05:31:30,37,87
2024-07-17 05:31:31,36,86
2024-07-17 05:31:32,36,85
2024-07-17 05:31:33,36,85
2024-07-17 05:31:34,36,84
2024-07-17 05:31:35,36,84
2024-07-17 05:31:36,36,84
2024-07-17 05:31:37,35,83
2024-07-17 05:31:38,35,83
2024-07-17 05:31:39,34,82
2024-07-17 05:31:40,45,70
2024-07-17 05:31:42,46,70
2024-07-17 05:31:43,46,69
2024-07-17 05:31:44,47,69
2024-07-17 05:31:45,47,68
2024-07-17 05:31:46,48,68
2024-07-17 05:31:47,48,67
2024-07-17 05:31:48,49,67
2024-07-17 05:31:49,50,67
2024-07-17 05:31:50,50,66
2024-07-17 05:31:51,51,66
2024-07-17 05:31:52,51,65
2024-07-17 05:31:53,52,65
2024-07-17 05:31:54,53,65
2024-07-17 05:31:55,53,64
2024-07-17 05:31:57,54,64
2024-07-17 05:31:58,54,63
2024-07-17 05:31:59,55,63
2024-07-17 05:32:00,56,63
2024-07-17 05:32:01,56,62
2024-07-17 05:32:02,57,62
2024-07-17 05:32:03,57,62
2024-07-17 05:32:04,58,61
2024-07-17 05:32:05,58,61
2024-07-17 05:32:06,59,61
2024-07-17 05:32:07,59,61
2024-07-17 05:32:08,60,60
2024-07-17 05:32:09,60,59
2024-07-17 05:32:10,61,59
2024-07-17 05:32:12,62,59
2024-07-17 05:32:13,62,58
2024-07-17 05:32:14,63,58
2024-07-17 05:32:15,63,58
2024-07-17 05:32:16,64,57
2024-07-17 05:32:17,64,57
2024-07-17 05:32:18,65,57
2024-07-17 05:32:19,65,56
2024-07-17 05:32:20,66,56
2024-07-17 05:32:21,66,56
2024-07-17 05:32:22,66,55
2024-07-17 05:32:23,67,55
2024-07-17 05:32:24,67,55
2024-07-17 05:32:25,82,44
2024-07-17 05:32:27,82,43
2024-07-17 05:32:28,82,43
2024-07-17 05:32:29,82,42
2024-07-17 05:32:30,82,42
2024-07-17 05:32:31,82,42
2024-07-17 05:32:32,82,41
2024-07-17 05:32:33,82,41
2024-07-17 05:32:34,82,41
2024-07-17 05:32:35,82,41
2024-07-17 05:32:36,82,40
2024-07-17 05:32:37,82,40
2024-07-17 05:32:38,81,40
2024-07-17 05:32:39,81,39
2024-07-17 05:32:40,81,39
2024-07-17 05:32:42,45,44
2024-07-17 05:32:43,46,44
2024-07-17 05:32:44,47,44
2024-07-17 05:32:45,47,44
2024-07-17 05:32:46,48,43
2024-07-17 05:32:47,49,43
2024-07-17 05:32:48,49,42
2024-07-17 05:32:49,50,42
2024-07-17 05:32:50,50,42
2024-07-17 05:32:51,51,42
2024-07-17 05:32:52,52,41
2024-07-17 05:32:53,52,41
2024-07-17 05:32:54,53,41
2024-07-17 05:32:55,56,100
2024-07-17 05:32:57,56,100
2024-07-17 05:32:58,56,100
2024-07-17 05:32:59,56,99
2024-07-17 05:33:00,55,99
2024-07-17 05:33:01,55,99
2024-07-17 05:33:02,55,98
2024-07-17 05:33:03,55,98
2024-07-17 05:33:04,55,98
2024-07-17 05:33:05,55,98
2024-07-17 05:33:06,55,97
2024-07-17 05:33:07,55,97
2024-07-17 05:33:08,55,97
2024-07-17 05:33:09,54,96
2024-07-17 05:33:10,54,96
2024-07-17 05:33:12,54,96
2024-07-17 05:33:13,54,95
2024-07-17 05:33:14,54,95
2024-07-17 05:33:15,54,95
2024-07-17 05:33:16,53,94
2024-07-17 05:33:17,53,94
2024-07-17 05:33:18,53,94
2024-07-17 05:33:19,53,93
2024-07-17 05:33:20,53,93
2024-07-17 05:33:21,53,93
2024-07-17 05:33:22,52,92
2024-07-17 05:33:23,52,92
2024-07-17 05:33:24,52,91
2024-07-17 05:33:25,80,74
2024-07-17 05:33:27,80,74
2024-07-17 05:33:28,80,74
2024-07-17 05:33:29,80,74
2024-07-17 05:33:30,80,73
2024-07-17 05:33:31,80,73
2024-07-17 05:33:32,80,73
2024-07-17 05:33:33,79,73
2024-07-17 05:33:34,79,73
2024-07-17 05:33:35,79,73
2024-07-17 05:33:36,79,71
2024-07-17 05:33:37,79,71
2024-07-17 05:33:38,79,71
2024-07-17 05:33:39,79,70
2024-07-17 05:33:40,79,70
2024-07-17 05:33:42,42,50
2024-07-17 05:33:43,42,50
2024-07-17 05:33:44,43,50
2024-07-17 05:33:45,44,50
2024-07-17 05:33:46,44,50
2024-07-17 05:33:47,45,50
2024-07-17 05:33:48,46,50
2024-07-17 05:33:49,46,50
2024-07-17 05:33:50,47,49
2024-07-17 05:33:51,48,49
2024-07-17 05:33:52,48,49
2024-07-17 05:33:53,49,49
2024-07-17 05:33:54,50,49
2024-07-17 05:33:55,50,48
2024-07-17 05:33:57,43,39
2024-07-17 05:33:58,43,38
2024-07-17 05:33:59,43,38
2024-07-17 05:34:00,43,37
2024-07-17 05:34:01,43,37
2024-07-17 05:34:02,43,36
2024-07-17 05:34:03,42,36
2024-07-17 05:34:04,42,36
2024-07-17 05:34:05,42,36
2024-07-17 05:34:06,48,91
2024-07-17 05:34:07,48,91
2024-07-17 05:34:08,48,91
2024-07-17 05:34:09,47,89
2024-07-17 05:34:10,47,89
2024-07-17 05:34:12,81,73
2024-07-17 05:34:13,80,73
2024-07-17 05:34:14,80,73
2024-07-17 05:34:15,80,73
2024-07-17 05:34:16,80,71
2024-07-17 05:34:17,80,71
2024-07-17 05:34:18,80,71
2024-07-17 05:34:19,80,70
2024-07-17 05:34:20,80,70
2024-07-17 05:34:21,80,69
2024-07-17 05:34:22,80,69
2024-07-17 05:34:23,80,69
2024-07-17 05:34:24,80,68
2024-07-17 05:34:25,55,47
2024-07-17 05:34:27,56,46
2024-07-17 05:34:28,56,46
2024-07-17 05:34:29,57,46
2024-07-17 05:34:30,57,46
2024-07-17 05:34:31,58,46
2024-07-17 05:34:32,58,46
2024-07-17 05:34:33,59,45
2024-07-17 05:34:34,59,45
2024-07-17 05:34:35,60,45
2024-07-17 05:34:36,61,44
2024-07-17 05:34:37,61,44
2024-07-17 05:34:38,62,44
2024-07-17 05:34:39,62,44
2024-07-17 05:34:40,63,43
2024-07-17 05:34:42,39,49
2024-07-17 05:34:43,39,48
2024-07-17 05:34:44,38,48
2024-07-17 05:34:45,38,48
2024-07-17 05:34:46,38,46
2024-07-17 05:34:47,38,45
2024-07-17 05:34:48,38,45
2024-07-17 05:34:49,38,44
2024-07-17 05:34:50,38,44
2024-07-17 05:34:51,38,43
2024-07-17 05:34:52,38,42
2024-07-17 05:34:53,38,42
2024-07-17 05:34:54,38,41
2024-07-17 05:34:55,38,41
2024-07-17 05:34:57,69,41
2024-07-17 05:34:58,70,41
2024-07-17 05:34:59,70,40
2024-07-17 05:35:00,71,40
2024-07-17 05:35:01,71,40
2024-07-17 05:35:02,71,40
2024-07-17 05:35:03,72,40
2024-07-17 05:35:04,72,40
2024-07-17 05:35:05,72,40
2024-07-17 05:35:06,73,40
2024-07-17 05:35:07,73,40
2024-07-17 05:35:08,73,39
2024-07-17 05:35:09,74,39
2024-07-17 05:35:10,67,35
2024-07-17 05:35:12,67,35
2024-07-17 05:35:13,67,35
2024-07-17 05:35:14,67,34
2024-07-17 05:35:15,66,34
2024-07-17 05:35:16,66,33
2024-07-17 05:35:17,66,33
2024-07-17 05:35:18,66,33
2024-07-17 05:35:19,66,32
2024-07-17 05:35:20,66,32
2024-07-17 05:35:21,65,32
2024-07-17 05:35:22,65,32
2024-07-17 05:35:23,65,32
2024-07-17 05:35:24,65,30
2024-07-17 05:35:25,65,30
2024-07-17 05:35:27,24,62
2024-07-17 05:35:28,25,61
2024-07-17 05:35:29,26,61
2024-07-17 05:35:30,26,60
2024-07-17 05:35:31,27,60
2024-07-17 05:35:32,27,59
2024-07-17 05:35:33,28,59
2024-07-17 05:35:34,29,59
2024-07-17 05:35:35,29,58
2024-07-17 05:35:36,30,58
2024-07-17 05:35:37,30,57
2024-07-17 05:35:38,31,57
2024-07-17 05:35:39,32,57
2024-07-17 05:35:40,62,101
2024-07-17 05:35:42,62,100
2024-07-17 05:35:43,62,100
2024-07-17 05:35:44,62,100
2024-07-17 05:35:45,62,99
2024-07-17 05:35:46,61,99
2024-07-17 05:35:47,61,99
2024-07-17 05:35:48,61,99
2024-07-17 05:35:49,61,98
2024-07-17 05:35:50,61,98
2024-07-17 05:35:51,61,98
2024-07-17 05:35:52,61,98
2024-07-17 05:35:53,61,97
2024-07-17 05:35:54,60,97
2024-07-17 05:35:55,60,97
2024-07-17 05:35:57,73,55
2024-07-17 05:35:58,73,55
2024-07-17 05:35:59,73,55
2024-07-17 05:36:00,74,55
2024-07-17 05:36:01,74,54
2024-07-17 05:36:02,74,54
2024-07-17 05:36:03,75,54
2024-07-17 05:36:04,75,54
2024-07-17 05:36:05,75,53
2024-07-17 05:36:06,76,53
2024-07-17 05:36:07,76,53
2024-07-17 05:36:08,76,53
2024-07-17 05:36:09,76,52
2024-07-17 05:36:10,82,70
2024-07-17 05:36:12,82,70
2024-07-17 05:36:13,82,69
2024-07-17 05:36:14,82,69
2024-07-17 05:36:15,82,69
2024-07-17 05:36:16,82,68
2024-07-17 05:36:17,82,68
2024-07-17 05:36:18,82,67
2024-07-17 05:36:19,82,67
2024-07-17 05:36:20,82,67
2024-07-17 05:36:21,82,66
2024-07-17 05:36:22,82,66
2024-07-17 05:36:23,82,66
2024-07-17 05:36:24,82,65
2024-07-17 05:36:25,82,65
2024-07-17 05:36:27,56,85
2024-07-17 05:36:28,56,85
2024-07-17 05:36:29,56,84
2024-07-17 05:36:30,56,84
2024-07-17 05:36:31,55,84
2024-07-17 05:36:32,55,84
2024-07-17 05:36:33,55,82
2024-07-17 05:36:34,55,82
2024-07-17 05:36:35,55,81
2024-07-17 05:36:36,55,81
2024-07-17 05:36:37,55,80
2024-07-17 05:36:38,54,79
2024-07-17 05:36:39,54,79
2024-07-17 05:36:40,66,40
2024-07-17 05:36:42,66,40
2024-07-17 05:36:43,67,40
2024-07-17 05:36:44,67,40
2024-07-17 05:36:45,67,40
2024-07-17 05:36:46,68,40
2024-07-17 05:36:47,68,40
2024-07-17 05:36:48,69,39
2024-07-17 05:36:49,69,39
2024-07-17 05:36:50,69,39
2024-07-17 05:36:51,70,39
2024-07-17 05:36:52,70,39
2024-07-17 05:36:53,71,39
2024-07-17 05:36:54,71,39
2024-07-17 05:36:55,40,94
2024-07-17 05:36:57,41,94
2024-07-17 05:36:58,41,94
2024-07-17 05:36:59,42,94
2024-07-17 05:37:00,42,93
2024-07-17 05:37:01,43,93
2024-07-17 05:37:02,43,93
2024-07-17 05:37:03,44,93
2024-07-17 05:37:04,44,93
2024-07-17 05:37:05,44,92
2024-07-17 05:37:06,45,92
2024-07-17 05:37:07,45,92
2024-07-17 05:37:08,46,92
2024-07-17 05:37:09,46,92
2024-07-17 05:37:10,47,91
2024-07-17 05:37:12,52,33
2024-07-17 05:37:13,52,33
2024-07-17 05:37:14,52,33
2024-07-17 05:37:15,52,32
2024-07-17 05:37:16,51,32
2024-07-17 05:37:17,51,31
2024-07-17 05:37:18,51,31
2024-07-17 05:37:19,51,31
2024-07-17 05:37:20,51,30
2024-07-17 05:37:21,51,30
2024-07-17 05:37:22,51,30
2024-07-17 05:37:23,51,30
2024-07-17 05:37:24,80,44
2024-07-17 05:37:25,54,89
2024-07-17 05:37:27,54,88
2024-07-17 05:37:28,54,88
2024-07-17 05:37:29,55,88
2024-07-17 05:37:30,55,88
2024-07-17 05:37:31,56,87
2024-07-17 05:37:32,56,87
2024-07-17 05:37:33,57,87
2024-07-17 05:37:34,57,86
2024-07-17 05:37:35,57,86
2024-07-17 05:37:36,58,86
2024-07-17 05:37:37,58,86
2024-07-17 05:37:38,59,86
2024-07-17 05:37:39,59,86
2024-07-17 05:37:40,60,85
2024-07-17 05:37:42,43,79
2024-07-17 05:37:43,43,78
2024-07-17 05:37:44,43,78
2024-07-17 05:37:45,43,77
2024-07-17 05:37:46,43,77
2024-07-17 05:37:47,43,76
2024-07-17 05:37:48,42,76
2024-07-17 05:37:49,42,75
2024-07-17 05:37:50,42,75
2024-07-17 05:37:51,42,74
2024-07-17 05:37:52,42,74
2024-07-17 05:37:53,42,73
2024-07-17 05:37:54,42,73
2024-07-17 05:37:55,41,72
2024-07-17 05:37:57,52,98
2024-07-17 05:37:58,52,97
2024-07-17 05:37:59,53,97
2024-07-17 05:38:00,53,97
2024-07-17 05:38:01,54,97
2024-07-17 05:38:02,54,96
2024-07-17 05:38:03,54,96
2024-07-17 05:38:04,55,96
2024-07-17 05:38:05,55,95
2024-07-17 05:38:06,55,95
2024-07-17 05:38:07,56,95
2024-07-17 05:38:08,56,94
2024-07-17 05:38:09,57,94
2024-07-17 05:38:10,73,38
2024-07-17 05:38:12,73,37
2024-07-17 05:38:13,73,37
2024-07-17 05:38:14,73,37
2024-07-17 05:38:15,72,37
2024-07-17 05:38:16,72,37
2024-07-17 05:38:17,72,35
2024-07-17 05:38:18,72,35
2024-07-17 05:38:19,72,35
2024-07-17 05:38:20,72,34
2024-07-17 05:38:21,71,34
2024-07-17 05:38:22,71,34
2024-07-17 05:38:23,71,33
2024-07-17 05:38:24,71,33
2024-07-17 05:38:25,71,33
2024-07-17 05:38:27,43,94
2024-07-17 05:38:28,44,94
2024-07-17 05:38:29,44,94
2024-07-17 05:38:30,45,94
2024-07-17 05:38:31,45,94
2024-07-17 05:38:32,46,94
2024-07-17 05:38:33,46,94
2024-07-17 05:38:34,47,93
2024-07-17 05:38:35,47,93
2024-07-17 05:38:36,47,93
2024-07-17 05:38:37,48,93
2024-07-17 05:38:38,48,93
2024-07-17 05:38:39,49,92
2024-07-17 05:38:40,22,70
2024-07-17 05:38:42,23,69
2024-07-17 05:38:43,23,69
2024-07-17 05:38:44,24,68
2024-07-17 05:38:45,24,68
2024-07-17 05:38:46,25,68
2024-07-17 05:38:47,25,67
2024-07-17 05:38:48,26,67
2024-07-17 05:38:49,26,66
2024-07-17 05:38:50,27,66
2024-07-17 05:38:51,28,66
2024-07-17 05:38:52,28,66
2024-07-17 05:38:53,29,65
2024-07-17 05:38:54,29,64
2024-07-17 05:38:55,30,64
2024-07-17 05:38:57,31,63
2024-07-17 05:38:58,31,63
2024-07-17 05:38:59,32,63
2024-07-17 05:39:00,33,62
2024-07-17 05:39:01,33,62
2024-07-17 05:39:02,34,61
2024-07-17 05:39:03,34,61
2024-07-17 05:39:04,35,61
2024-07-17 05:39:05,36,60
2024-07-17 05:39:06,36,60
2024-07-17 05:39:07,37,60
2024-07-17 05:39:08,38,59
2024-07-17 05:39:09,38,58
2024-07-17 05:39:10,57,100
2024-07-17 05:39:12,57,100
2024-07-17 05:39:13,57,100
2024-07-17 05:39:14,57,99
2024-07-17 05:39:15,57,99
2024-07-17 05:39:16,56,99
2024-07-17 05:39:17,56,99
2024-07-17 05:39:18,56,98
2024-07-17 05:39:19,56,98
2024-07-17 05:39:20,56,98
2024-07-17 05:39:21,56,97
2024-07-17 05:39:22,56,97
2024-07-17 05:39:23,55,97
2024-07-17 05:39:24,55,96
2024-07-17 05:39:25,55,96
2024-07-17 05:39:27,21,74
2024-07-17 05:39:28,22,74
2024-07-17 05:39:29,22,74
2024-07-17 05:39:30,23,73
2024-07-17 05:39:31,23,73
2024-07-17 05:39:32,24,73
2024-07-17 05:39:33,24,73
2024-07-17 05:39:34,25,73
2024-07-17 05:39:35,25,72
2024-07-17 05:39:36,26,72
2024-07-17 05:39:37,26,72
2024-07-17 05:39:38,27,72
2024-07-17 05:39:39,27,72
2024-07-17 05:39:40,52,91
2024-07-17 05:39:42,52,90
2024-07-17 05:39:43,52,90
2024-07-17 05:39:44,52,89
2024-07-17 05:39:45,52,89
2024-07-17 05:39:46,52,88
2024-07-17 05:39:47,52,88
2024-07-17 05:39:48,51,87
2024-07-17 05:39:49,51,87
2024-07-17 05:39:50,51,86
2024-07-17 05:39:51,50,86
2024-07-17 05:39:52,50,85
2024-07-17 05:39:53,50,85
2024-07-17 05:39:54,50,84
2024-07-17 05:39:55,50,84
2024-07-17 05:39:57,65,45
2024-07-17 05:39:58,65,45
2024-07-17 05:39:59,66,44
2024-07-17 05:40:00,66,44
2024-07-17 05:40:01,66,44
2024-07-17 05:40:02,67,44
2024-07-17 05:40:03,67,44
2024-07-17 05:40:04,68,44
2024-07-17 05:40:05,68,43
2024-07-17 05:40:06,68,43
2024-07-17 05:40:07,69,43
2024-07-17 05:40:08,69,43
2024-07-17 05:40:09,70,43
2024-07-17 05:40:10,70,43
2024-07-17 05:40:12,71,42
2024-07-17 05:40:13,71,42
2024-07-17 05:40:14,71,42
2024-07-17 05:40:15,72,42
2024-07-17 05:40:16,72,42
2024-07-17 05:40:17,72,42
2024-07-17 05:40:18,73,41
2024-07-17 05:40:19,73,41
2024-07-17 05:40:20,73,41
2024-07-17 05:40:21,73,41
2024-07-17 05:40:22,74,41
2024-07-17 05:40:23,74,41
2024-07-17 05:40:24,74,41
2024-07-17 05:40:25,75,41
2024-07-17 05:40:27,79,50
2024-07-17 05:40:28,79,50
2024-07-17 05:40:29,78,50
2024-07-17 05:40:30,78,49
2024-07-17 05:40:31,78,49
2024-07-17 05:40:32,78,48
2024-07-17 05:40:33,78,48
2024-07-17 05:40:34,78,48
2024-07-17 05:40:35,78,47
2024-07-17 05:40:36,78,47
2024-07-17 05:40:37,78,47
2024-07-17 05:40:38,78,46
2024-07-17 05:40:39,78,46
2024-07-17 05:40:40,78,45
2024-07-17 05:40:42,44,89
2024-07-17 05:40:43,44,88
2024-07-17 05:40:44,44,88
2024-07-17 05:40:45,43,88
2024-07-17 05:40:46,43,88
2024-07-17 05:40:47,43,88
2024-07-17 05:40:48,43,86
2024-07-17 05:40:49,43,86
2024-07-17 05:40:50,42,86
2024-07-17 05:40:51,42,86
2024-07-17 05:40:52,42,86
2024-07-17 05:40:53,42,84
2024-07-17 05:40:54,42,84
2024-07-17 05:40:55,42,83
2024-07-17 05:40:57,39,44
2024-07-17 05:40:58,39,43
2024-07-17 05:40:59,39,42
2024-07-17 05:41:00,39,42
2024-07-17 05:41:01,39,41
2024-07-17 05:41:02,39,40
2024-07-17 05:41:03,39,40
2024-07-17 05:41:04,39,39
2024-07-17 05:41:05,39,38
2024-07-17 05:41:06,39,38
2024-07-17 05:41:07,39,37
2024-07-17 05:41:08,39,37
2024-07-17 05:41:09,39,36
2024-07-17 05:41:10,37,49
2024-07-17 05:41:12,38,49
2024-07-17 05:41:13,38,49
2024-07-17 05:41:14,39,49
2024-07-17 05:41:15,40,49
2024-07-17 05:41:16,40,49
2024-07-17 05:41:17,41,49
2024-07-17 05:41:18,42,48
2024-07-17 05:41:19,42,48
2024-07-17 05:41:20,43,48
2024-07-17 05:41:21,44,48
2024-07-17 05:41:22,44,48
2024-07-17 05:41:23,45,48
2024-07-17 05:41:24,46,47
2024-07-17 05:41:25,46,47
2024-07-17 05:41:27,56,97
2024-07-17 05:41:28,56,97
2024-07-17 05:41:29,57,97
2024-07-17 05:41:30,57,96
2024-07-17 05:41:31,57,96
2024-07-17 05:41:32,58,96
2024-07-17 05:41:33,58,95
2024-07-17 05:41:34,59,95
2024-07-17 05:41:35,59,95
2024-07-17 05:41:36,59,95
2024-07-17 05:41:37,60,94
2024-07-17 05:41:38,60,94
2024-07-17 05:41:39,60,94
2024-07-17 05:41:40,61,94
2024-07-17 05:41:42,61,93
2024-07-17 05:41:43,61,93
2024-07-17 05:41:44,62,93
2024-07-17 05:41:45,62,93
2024-07-17 05:41:46,62,93
2024-07-17 05:41:47,63,92
2024-07-17 05:41:48,63,92
2024-07-17 05:41:49,64,91
2024-07-17 05:41:50,64,90
2024-07-17 05:41:51,64,90
2024-07-17 05:41:52,65,90
2024-07-17 05:41:53,65,89
2024-07-17 05:41:54,65,89
2024-07-17 05:41:55,66,89
2024-07-17 05:41:57,56,77
2024-07-17 05:41:58,57,77
2024-07-17 05:41:59,57,77
2024-07-17 05:42:00,58,76
2024-07-17 05:42:01,58,75
2024-07-17 05:42:02,59,75
2024-07-17 05:42:03,59,74
2024-07-17 05:42:04,60,74
2024-07-17 05:42:05,60,74
2024-07-17 05:42:06,61,74
2024-07-17 05:42:07,61,74
2024-07-17 05:42:08,62,73
2024-07-17 05:42:09,62,73
2024-07-17 05:42:10,63,72
2024-07-17 05:42:12,69,54
2024-07-17 05:42:13,69,53
2024-07-17 05:42:14,69,53
2024-07-17 05:42:15,69,52
2024-07-17 05:42:16,69,51
2024-07-17 05:42:17,69,51
2024-07-17 05:42:18,69,50
2024-07-17 05:42:19,69,50
2024-07-17 05:42:20,69,49
2024-07-17 05:42:21,69,49
2024-07-17 05:42:22,69,48
2024-07-17 05:42:23,69,48
2024-07-17 05:42:24,69,47
2024-07-17 05:42:25,69,66
2024-07-17 05:42:27,70,66
2024-07-17 05:42:28,70,65
2024-07-17 05:42:29,70,65
2024-07-17 05:42:30,71,65
2024-07-17 05:42:31,71,64
2024-07-17 05:42:32,72,64
2024-07-17 05:42:33,72,64
2024-07-17 05:42:34,72,63
2024-07-17 05:42:35,73,63
2024-07-17 05:42:36,73,63
2024-07-17 05:42:37,73,62
2024-07-17 05:42:38,74,62
2024-07-17 05:42:39,74,62
2024-07-17 05:42:40,74,62
2024-07-17 05:42:42,42,47
2024-07-17 05:42:43,43,47
2024-07-17 05:42:44,43,47
2024-07-17 05:42:45,44,47
2024-07-17 05:42:46,44,46
2024-07-17 05:42:47,45,46
2024-07-17 05:42:48,45,46
2024-07-17 05:42:49,46,46
2024-07-17 05:42:50,46,45
2024-07-17 05:42:51,47,45
2024-07-17 05:42:52,47,45
2024-07-17 05:42:53,48,45
2024-07-17 05:42:54,48,44
2024-07-17 05:42:55,56,94
2024-07-17 05:42:57,56,94
2024-07-17 05:42:58,56,94
2024-07-17 05:42:59,56,93
2024-07-17 05:43:00,56,93
2024-07-17 05:43:01,55,92
2024-07-17 05:43:02,55,92
2024-07-17 05:43:03,55,92
2024-07-17 05:43:04,55,91
2024-07-17 05:43:05,54,91
2024-07-17 05:43:06,54,90
2024-07-17 05:43:07,54,90
2024-07-17 05:43:08,54,89
2024-07-17 05:43:09,54,89
2024-07-17 05:43:10,54,89
2024-07-17 05:43:12,83,54
2024-07-17 05:43:13,83,54
2024-07-17 05:43:14,83,54
2024-07-17 05:43:15,83,53
2024-07-17 05:43:16,84,53
2024-07-17 05:43:17,84,53
2024-07-17 05:43:18,84,53
2024-07-17 05:43:19,84,52
2024-07-17 05:43:20,84,52
2024-07-17 05:43:21,85,52
2024-07-17 05:43:22,85,52
2024-07-17 05:43:23,85,52
2024-07-17 05:43:24,85,51
2024-07-17 05:43:25,85,51
2024-07-17 05:43:27,52,89
2024-07-17 05:43:28,52,88
2024-07-17 05:43:29,51,88
2024-07-17 05:43:30,51,88
2024-07-17 05:43:31,51,88
2024-07-17 05:43:32,51,87
2024-07-17 05:43:33,50,87
2024-07-17 05:43:34,50,87
2024-07-17 05:43:35,50,86
2024-07-17 05:43:36,49,86
2024-07-17 05:43:37,49,85
2024-07-17 05:43:38,49,85
2024-07-17 05:43:39,48,85
2024-07-17 05:43:40,48,84
2024-07-17 05:43:42,48,72
2024-07-17 05:43:43,48,71
2024-07-17 05:43:44,47,71
2024-07-17 05:43:45,47,71
2024-07-17 05:43:46,47,69
2024-07-17 05:43:47,47,68
2024-07-17 05:43:48,47,68
2024-07-17 05:43:49,47,67
2024-07-17 05:43:50,46,66
2024-07-17 05:43:51,46,66
2024-07-17 05:43:52,46,65
2024-07-17 05:43:53,46,64
2024-07-17 05:43:54,46,63
2024-07-17 05:43:55,45,63
2024-07-17 05:43:57,64,42
2024-07-17 05:43:58,64,42
2024-07-17 05:43:59,64,40
2024-07-17 05:44:00,64,40
2024-07-17 05:44:01,63,40
2024-07-17 05:44:02,63,40
2024-07-17 05:44:03,63,38
2024-07-17 05:44:04,63,38
2024-07-17 05:44:05,63,37
2024-07-17 05:44:06,63,37
2024-07-17 05:44:07,62,36
2024-07-17 05:44:08,62,36
2024-07-17 05:44:09,62,35
2024-07-17 05:44:10,76,42
2024-07-17 05:44:12,76,42
2024-07-17 05:44:13,76,41
2024-07-17 05:44:14,76,41
2024-07-17 05:44:15,76,40
2024-07-17 05:44:16,75,40
2024-07-17 05:44:17,75,40
2024-07-17 05:44:18,75,39
2024-07-17 05:44:19,75,39
2024-07-17 05:44:20,75,39
2024-07-17 05:44:21,75,38
2024-07-17 05:44:22,75,38
2024-07-17 05:44:23,75,38
2024-07-17 05:44:24,75,37
2024-07-17 05:44:25,42,42
2024-07-17 05:44:27,42,42
2024-07-17 05:44:28,42,42
2024-07-17 05:44:29,41,40
2024-07-17 05:44:30,41,40
2024-07-17 05:44:31,41,39
2024-07-17 05:44:32,41,39
2024-07-17 05:44:33,41,38
2024-07-17 05:44:34,41,38
2024-07-17 05:44:35,41,38
2024-07-17 05:44:36,41,38
2024-07-17 05:44:37,41,38
2024-07-17 05:44:38,41,38
2024-07-17 05:44:39,41,38
2024-07-17 05:44:40,41,38
2024-07-17 05:44:42,55,101
2024-07-17 05:44:43,55,101
2024-07-17 05:44:44,55,101
2024-07-17 05:44:45,56,101
2024-07-17 05:44:46,56,100
2024-07-17 05:44:47,56,100
2024-07-17 05:44:48,57,100
2024-07-17 05:44:49,57,99
2024-07-17 05:44:50,57,99
2024-07-17 05:44:51,58,99
2024-07-17 05:44:52,58,98
2024-07-17 05:44:53,58,98
2024-07-17 05:44:54,59,98
2024-07-17 05:44:55,59,97
2024-07-17 05:44:57,53,33
2024-07-17 05:44:58,53,33
2024-07-17 05:44:59,53,33
2024-07-17 05:45:00,53,32
2024-07-17 05:45:01,53,32
2024-07-17 05:45:02,53,31
2024-07-17 05:45:03,53,31
2024-07-17 05:45:04,53,31
2024-07-17 05:45:05,53,30
2024-07-17 05:45:06,53,30
2024-07-17 05:45:07,53,30
2024-07-17 05:45:08,53,30
2024-07-17 05:45:09,53,30
2024-07-17 05:45:10,53,30
2024-07-17 05:45:12,78,55
2024-07-17 05:45:13,78,54
2024-07-17 05:45:14,77,54
2024-07-17 05:45:15,77,53
2024-07-17 05:45:16,77,53
2024-07-17 05:45:17,77,52
2024-07-17 05:45:18,77,52
2024-07-17 05:45:19,77,51
2024-07-17 05:45:20,77,51
2024-07-17 05:45:21,77,51
2024-07-17 05:45:22,77,50
2024-07-17 05:45:23,77,50
2024-07-17 05:45:24,76,49
2024-07-17 05:45:25,28,78
2024-07-17 05:45:27,28,77
2024-07-17 05:45:28,29,77
2024-07-17 05:45:29,29,77
2024-07-17 05:45:30,30,76
2024-07-17 05:45:31,30,76
2024-07-17 05:45:32,31,76
2024-07-17 05:45:33,31,76
2024-07-17 05:45:34,32,75
2024-07-17 05:45:35,32,74
2024-07-17 05:45:36,33,74
2024-07-17 05:45:37,34,74
2024-07-17 05:45:38,34,73
2024-07-17 05:45:39,35,73
2024-07-17 05:45:40,35,72
2024-07-17 05:45:42,36,72
2024-07-17 05:45:43,37,72
2024-07-17 05:45:44,37,72
2024-07-17 05:45:45,38,71
2024-07-17 05:45:46,39,70
2024-07-17 05:45:47,39,70
2024-07-17 05:45:48,40,70
2024-07-17 05:45:49,40,70
2024-07-17 05:45:50,41,69
2024-07-17 05:45:51,42,68
2024-07-17 05:45:52,42,68
2024-07-17 05:45:53,43,67
2024-07-17 05:45:54,44,67
2024-07-17 05:45:55,44,66
2024-07-17 05:45:57,45,66
2024-07-17 05:45:58,45,66
2024-07-17 05:45:59,46,66
2024-07-17 05:46:00,47,65
2024-07-17 05:46:01,47,64
2024-07-17 05:46:02,48,64
2024-07-17 05:46:03,49,64
2024-07-17 05:46:04,49,63
2024-07-17 05:46:05,50,63
2024-07-17 05:46:06,50,62
2024-07-17 05:46:07,51,62
2024-07-17 05:46:08,52,62
2024-07-17 05:46:09,52,61
2024-07-17 05:46:10,53,61
2024-07-17 05:46:12,53,60
2024-07-17 05:46:13,54,60
2024-07-17 05:46:14,55,60
2024-07-17 05:46:15,55,59
2024-07-17 05:46:16,56,59
2024-07-17 05:46:17,56,59
2024-07-17 05:46:18,57,58
2024-07-17 05:46:19,57,58
2024-07-17 05:46:20,58,58
2024-07-17 05:46:21,58,57
2024-07-17 05:46:22,59,57
2024-07-17 05:46:23,60,57
2024-07-17 05:46:24,60,56
2024-07-17 05:46:25,61,56
2024-07-17 05:46:27,61,87
2024-07-17 05:46:28,61,86
2024-07-17 05:46:29,61,86
2024-07-17 05:46:30,61,86
2024-07-17 05:46:31,61,85
2024-07-17 05:46:32,60,85
2024-07-17 05:46:33,60,85
2024-07-17 05:46:34,60,84
2024-07-17 05:46:35,60,84
2024-07-17 05:46:36,59,84
2024-07-17 05:46:37,59,83
2024-07-17 05:46:38,59,83
2024-07-17 05:46:39,59,83
2024-07-17 05:46:40,68,52
2024-07-17 05:46:42,68,51
2024-07-17 05:46:43,68,51
2024-07-17 05:46:44,69,51
2024-07-17 05:46:45,69,51
2024-07-17 05:46:46,70,51
2024-07-17 05:46:47,70,50
2024-07-17 05:46:48,70,50
2024-07-17 05:46:49,71,50
2024-07-17 05:46:50,71,50
2024-07-17 05:46:51,72,49
2024-07-17 05:46:52,72,49
2024-07-17 05:46:53,72,49
2024-07-17 05:46:54,73,49
2024-07-17 05:46:55,73,48
2024-07-17 05:46:57,55,76
2024-07-17 05:46:58,55,76
2024-07-17 05:46:59,54,76
2024-07-17 05:47:00,54,76
2024-07-17 05:47:01,54,74
2024-07-17 05:47:02,53,74
2024-07-17 05:47:03,53,73
2024-07-17 05:47:04,53,73
2024-07-17 05:47:05,53,73
2024-07-17 05:47:06,53,72
2024-07-17 05:47:07,53,72
2024-07-17 05:47:08,52,71
2024-07-17 05:47:09,52,71
2024-07-17 05:47:10,51,71
2024-07-17 05:47:12,22,71
2024-07-17 05:47:13,22,71
2024-07-17 05:47:14,23,71
2024-07-17 05:47:15,23,71
2024-07-17 05:47:16,24,71
2024-07-17 05:47:17,24,70
2024-07-17 05:47:18,25,70
2024-07-17 05:47:19,25,70
2024-07-17 05:47:20,26,70
2024-07-17 05:47:21,26,70
2024-07-17 05:47:22,27,69
2024-07-17 05:47:23,27,69
2024-07-17 05:47:24,28,69
2024-07-17 05:47:25,72,76
2024-07-17 05:47:27,72,75
2024-07-17 05:47:28,72,75
2024-07-17 05:47:29,73,75
2024-07-17 05:47:30,73,75
2024-07-17 05:47:31,73,74
2024-07-17 05:47:32,74,74
2024-07-17 05:47:33,74,74
2024-07-17 05:47:34,74,74
2024-07-17 05:47:35,75,74
2024-07-17 05:47:36,75,73
2024-07-17 05:47:37,75,73
2024-07-17 05:47:38,75,73
2024-07-17 05:47:39,76,73
2024-07-17 05:47:40,76,73
2024-07-17 05:47:42,37,66
2024-07-17 05:47:43,37,66
2024-07-17 05:47:44,38,66
2024-07-17 05:47:45,39,65
2024-07-17 05:47:46,39,65
2024-07-17 05:47:47,40,65
2024-07-17 05:47:48,40,65
2024-07-17 05:47:49,41,65
2024-07-17 05:47:50,41,65
2024-07-17 05:47:51,42,64
2024-07-17 05:47:52,43,64
2024-07-17 05:47:53,43,64
2024-07-17 05:47:54,44,63
2024-07-17 05:47:55,77,88
2024-07-17 05:47:57,77,88
2024-07-17 05:47:58,77,88
2024-07-17 05:47:59,77,88
2024-07-17 05:48:00,78,88
2024-07-17 05:48:01,78,88
2024-07-17 05:48:02,78,87
2024-07-17 05:48:03,78,87
2024-07-17 05:48:04,79,87
2024-07-17 05:48:05,79,87
2024-07-17 05:48:06,79,87
2024-07-17 05:48:07,79,87
2024-07-17 05:48:08,80,87
2024-07-17 05:48:09,80,87
2024-07-17 05:48:10,80,86
2024-07-17 05:48:12,80,86
2024-07-17 05:48:13,81,86
2024-07-17 05:48:14,81,86
2024-07-17 05:48:15,81,86
2024-07-17 05:48:16,81,86
2024-07-17 05:48:17,81,86
2024-07-17 05:48:18,82,86
2024-07-17 05:48:19,82,85
2024-07-17 05:48:20,82,85
2024-07-17 05:48:21,82,85
2024-07-17 05:48:22,83,85
2024-07-17 05:48:23,83,85
2024-07-17 05:48:24,83,85
2024-07-17 05:48:25,62,97
2024-07-17 05:48:27,62,97
2024-07-17 05:48:28,63,97
2024-07-17 05:48:29,63,97
2024-07-17 05:48:30,63,97
2024-07-17 05:48:31,64,96
2024-07-17 05:48:32,64,96
2024-07-17 05:48:33,64,96
2024-07-17 05:48:34,65,95
2024-07-17 05:48:35,65,94
2024-07-17 05:48:36,65,94
2024-07-17 05:48:37,66,94
2024-07-17 05:48:38,66,93
2024-07-17 05:48:39,66,93
2024-07-17 05:48:40,67,93
2024-07-17 05:48:42,51,97
2024-07-17 05:48:43,50,97
2024-07-17 05:48:44,50,97
2024-07-17 05:48:45,50,97
2024-07-17 05:48:46,50,97
2024-07-17 05:48:47,49,96
2024-07-17 05:48:48,49,95
2024-07-17 05:48:49,49,95
2024-07-17 05:48:50,48,95
2024-07-17 05:48:51,48,94
2024-07-17 05:48:52,48,94
2024-07-17 05:48:53,48,94
2024-07-17 05:48:54,47,94
2024-07-17 05:48:55,47,93
2024-07-17 05:48:57,73,85
2024-07-17 05:48:58,73,85
2024-07-17 05:48:59,73,84
2024-07-17 05:49:00,73,84
2024-07-17 05:49:01,73,84
2024-07-17 05:49:02,72,84
2024-07-17 05:49:03,72,84
2024-07-17 05:49:04,72,84
2024-07-17 05:49:05,72,82
2024-07-17 05:49:06,72,82
2024-07-17 05:49:07,72,82
2024-07-17 05:49:08,72,81
2024-07-17 05:49:09,72,81
2024-07-17 05:49:10,67,41
2024-07-17 05:49:12,66,40
2024-07-17 05:49:13,66,39
2024-07-17 05:49:14,66,39
2024-07-17 05:49:15,66,38
2024-07-17 05:49:16,66,38
2024-07-17 05:49:17,66,37
2024-07-17 05:49:18,66,37
2024-07-17 05:49:19,66,36
2024-07-17 05:49:20,66,36
2024-07-17 05:49:21,66,35
2024-07-17 05:49:22,65,35
2024-07-17 05:49:23,65,34
2024-07-17 05:49:24,65,34
2024-07-17 05:49:25,65,33
2024-07-17 05:49:27,37,82
2024-07-17 05:49:28,37,82
2024-07-17 05:49:29,36,82
2024-07-17 05:49:30,36,82
2024-07-17 05:49:31,36,82
2024-07-17 05:49:32,36,80
2024-07-17 05:49:33,36,80
2024-07-17 05:49:34,35,79
2024-07-17 05:49:35,34,79
2024-07-17 05:49:36,34,78
2024-07-17 05:49:37,34,78
2024-07-17 05:49:38,33,78
2024-07-17 05:49:39,33,78
2024-07-17 05:49:40,71,81
2024-07-17 05:49:42,70,81
2024-07-17 05:49:43,70,80
2024-07-17 05:49:44,70,80
2024-07-17 05:49:45,70,79
2024-07-17 05:49:46,70,79
2024-07-17 05:49:47,70,79
2024-07-17 05:49:48,70,78
2024-07-17 05:49:49,69,78
2024-07-17 05:49:50,69,78
2024-07-17 05:49:51,69,77
2024-07-17 05:49:52,69,77
2024-07-17 05:49:53,69,76
2024-07-17 05:49:54,68,76
2024-07-17 05:49:55,68,75
2024-07-17 05:49:57,62,59
2024-07-17 05:49:58,62,59
2024-07-17 05:49:59,62,58
2024-07-17 05:50:00,62,58
2024-07-17 05:50:01,62,57
2024-07-17 05:50:02,61,56
2024-07-17 05:50:03,61,56
2024-07-17 05:50:04,61,55
2024-07-17 05:50:05,60,55
2024-07-17 05:50:06,60,54
2024-07-17 05:50:07,60,53
2024-07-17 05:50:08,60,53
2024-07-17 05:50:09,60,52
2024-07-17 05:50:10,59,51
2024-07-17 05:50:12,59,51
2024-07-17 05:50:13,59,50
2024-07-17 05:50:14,58,49
2024-07-17 05:50:15,58,49
2024-07-17 05:50:16,58,48
2024-07-17 05:50:17,57,48
2024-07-17 05:50:18,57,48
2024-07-17 05:50:19,57,46
2024-07-17 05:50:20,57,46
2024-07-17 05:50:21,57,45
2024-07-17 05:50:22,56,44
2024-07-17 05:50:23,56,44
2024-07-17 05:50:24,56,43
2024-07-17 05:50:25,55,43
2024-07-17 05:50:27,63,76
2024-07-17 05:50:28,62,76
2024-07-17 05:50:29,62,76
2024-07-17 05:50:30,62,74
2024-07-17 05:50:31,62,74
2024-07-17 05:50:32,62,74
2024-07-17 05:50:33,61,74
2024-07-17 05:50:34,61,74
2024-07-17 05:50:35,61,72
2024-07-17 05:50:36,61,72
2024-07-17 05:50:37,61,71
2024-07-17 05:50:38,61,71
2024-07-17 05:50:39,60,70
2024-07-17 05:50:40,52,35
2024-07-17 05:50:42,52,34
2024-07-17 05:50:43,52,33
2024-07-17 05:50:44,51,33
2024-07-17 05:50:45,51,32
2024-07-17 05:50:46,51,32
2024-07-17 05:50:47,51,31
2024-07-17 05:50:48,50,31
2024-07-17 05:50:49,50,31
2024-07-17 05:50:50,50,31
2024-07-17 05:50:51,50,31
2024-07-17 05:50:52,50,31
2024-07-17 05:50:53,29,56
2024-07-17 05:50:54,29,55
2024-07-17 05:50:55,28,55
2024-07-17 05:50:57,72,41
2024-07-17 05:50:58,72,40
2024-07-17 05:50:59,72,40
2024-07-17 05:51:00,72,39
2024-07-17 05:51:01,72,39
2024-07-17 05:51:02,71,39
2024-07-17 05:51:03,71,38
2024-07-17 05:51:04,71,38
2024-07-17 05:51:05,71,37
2024-07-17 05:51:06,71,37
2024-07-17 05:51:07,71,37
2024-07-17 05:51:08,71,36
2024-07-17 05:51:09,71,36
2024-07-17 05:51:10,71,36
2024-07-17 05:51:12,64,100
2024-07-17 05:51:13,64,100
2024-07-17 05:51:14,64,100
2024-07-17 05:51:15,64,100
2024-07-17 05:51:16,63,99
2024-07-17 05:51:17,63,99
2024-07-17 05:51:18,63,99
2024-07-17 05:51:19,63,99
2024-07-17 05:51:20,63,99
2024-07-17 05:51:21,63,99
2024-07-17 05:51:22,63,97
2024-07-17 05:51:23,63,97
2024-07-17 05:51:24,62,97
2024-07-17 05:51:27,25,72
2024-07-17 05:51:28,25,72
2024-07-17 05:51:29,25,71
2024-07-17 05:51:30,25,71
2024-07-17 05:51:31,25,70
2024-07-17 05:51:32,24,70
2024-07-17 05:51:33,24,69
2024-07-17 05:51:34,24,68
2024-07-17 05:51:35,24,68
2024-07-17 05:51:36,24,67
2024-07-17 05:51:37,23,67
2024-07-17 05:51:38,23,66
2024-07-17 05:51:39,23,66
2024-07-17 05:51:40,23,65
2024-07-17 05:51:42,65,78
2024-07-17 05:51:43,65,77
2024-07-17 05:51:44,65,77
2024-07-17 05:51:45,64,77
2024-07-17 05:51:46,64,76
2024-07-17 05:51:47,64,76
2024-07-17 05:51:48,64,75
2024-07-17 05:51:49,64,75
2024-07-17 05:51:50,64,74
2024-07-17 05:51:51,64,74
2024-07-17 05:51:52,64,73
2024-07-17 05:51:53,64,73
2024-07-17 05:51:54,64,72
2024-07-17 05:51:55,64,72
2024-07-17 05:51:57,73,40
2024-07-17 05:51:58,73,40
2024-07-17 05:51:59,73,39
2024-07-17 05:52:00,73,39
2024-07-17 05:52:01,72,39
2024-07-17 05:52:02,72,39
2024-07-17 05:52:03,72,39
2024-07-17 05:52:04,72,37
2024-07-17 05:52:05,72,37
2024-07-17 05:52:06,72,36
2024-07-17 05:52:07,71,36
2024-07-17 05:52:08,71,35
2024-07-17 05:52:09,71,35
2024-07-17 05:52:10,71,35
2024-07-17 05:52:12,66,52
2024-07-17 05:52:13,65,52
2024-07-17 05:52:14,65,51
2024-07-17 05:52:15,65,50
2024-07-17 05:52:16,65,50
2024-07-17 05:52:17,65,49
2024-07-17 05:52:18,65,49
2024-07-17 05:52:19,65,48
2024-07-17 05:52:20,65,47
2024-07-17 05:52:21,65,47
2024-07-17 05:52:22,65,46
2024-07-17 05:52:23,64,46
2024-07-17 05:52:24,64,45
2024-07-17 05:52:25,64,44
2024-07-17 05:52:27,64,44
2024-07-17 05:52:28,64,43
2024-07-17 05:52:29,64,43
2024-07-17 05:52:30,64,42
2024-07-17 05:52:31,64,42
2024-07-17 05:52:32,64,41
2024-07-17 05:52:33,63,41
2024-07-17 05:52:34,63,41
2024-07-17 05:52:35,63,39
2024-07-17 05:52:36,63,39
2024-07-17 05:52:37,63,38
2024-07-17 05:52:38,63,38
2024-07-17 05:52:39,63,37
2024-07-17 05:52:40,63,37
2024-07-17 05:52:42,63,36
2024-07-17 05:52:43,63,36
2024-07-17 05:52:44,63,35
2024-07-17 05:52:45,62,35
2024-07-17 05:52:46,62,34
2024-07-17 05:52:47,62,34
2024-07-17 05:52:48,62,33
2024-07-17 05:52:49,62,33
2024-07-17 05:52:50,62,32
2024-07-17 05:52:51,62,32
2024-07-17 05:52:52,62,31
2024-07-17 05:52:53,62,31
2024-07-17 05:52:54,62,30
2024-07-17 05:52:55,62,30
2024-07-17 05:52:57,61,29
2024-07-17 05:52:58,61,29
2024-07-17 05:52:59,61,28
2024-07-17 05:53:00,61,28
2024-07-17 05:53:01,61,28
2024-07-17 05:53:02,61,27
2024-07-17 05:53:03,61,27
2024-07-17 05:53:04,61,26
2024-07-17 05:53:05,61,26
2024-07-17 05:53:06,61,26
2024-07-17 05:53:07,61,25
2024-07-17 05:53:08,61,25
2024-07-17 05:53:09,61,25
2024-07-17 05:53:10,61,24
2024-07-17 05:53:12,61,99
2024-07-17 05:53:13,61,99
2024-07-17 05:53:14,61,99
2024-07-17 05:53:15,62,99
2024-07-17 05:53:16,62,99
2024-07-17 05:53:17,62,99
2024-07-17 05:53:18,63,99
2024-07-17 05:53:19,63,99
2024-07-17 05:53:20,63,98
2024-07-17 05:53:21,64,98
2024-07-17 05:53:22,64,98
2024-07-17 05:53:23,65,98
2024-07-17 05:53:24,65,98
2024-07-17 05:53:25,47,71
2024-07-17 05:53:27,47,71
2024-07-17 05:53:28,48,71
2024-07-17 05:53:29,48,70
2024-07-17 05:53:30,49,70
2024-07-17 05:53:31,49,70
2024-07-17 05:53:32,50,70
2024-07-17 05:53:33,51,70
2024-07-17 05:53:34,51,70
2024-07-17 05:53:35,52,69
2024-07-17 05:53:36,52,69
2024-07-17 05:53:37,53,69
2024-07-17 05:53:38,53,69
2024-07-17 05:53:39,54,69
2024-07-17 05:53:40,54,68
2024-07-17 05:53:42,55,68
2024-07-17 05:53:43,55,68
2024-07-17 05:53:44,56,68
2024-07-17 05:53:45,56,67
2024-07-17 05:53:46,57,67
2024-07-17 05:53:47,57,67
2024-07-17 05:53:48,58,67
2024-07-17 05:53:49,58,67
2024-07-17 05:53:50,59,66
2024-07-17 05:53:51,59,66
2024-07-17 05:53:52,60,66
2024-07-17 05:53:53,60,66
2024-07-17 05:53:54,61,66
2024-07-17 05:53:55,61,65
2024-07-17 05:53:57,28,71
2024-07-17 05:53:58,28,70
2024-07-17 05:53:59,27,70
2024-07-17 05:54:00,27,70
2024-07-17 05:54:01,27,68
2024-07-17 05:54:02,27,67
2024-07-17 05:54:03,26,67
2024-07-17 05:54:04,26,67
2024-07-17 05:54:05,26,65
2024-07-17 05:54:06,26,64
2024-07-17 05:54:07,26,63
2024-07-17 05:54:08,26,63
2024-07-17 05:54:09,25,62
2024-07-17 05:54:10,71,80
2024-07-17 05:54:12,71,79
2024-07-17 05:54:13,71,79
2024-07-17 05:54:14,71,79
2024-07-17 05:54:15,71,78
2024-07-17 05:54:16,71,78
2024-07-17 05:54:17,71,78
2024-07-17 05:54:18,71,77
2024-07-17 05:54:19,71,77
2024-07-17 05:54:20,71,76
2024-07-17 05:54:21,71,76
2024-07-17 05:54:22,71,76
2024-07-17 05:54:23,71,75
2024-07-17 05:54:24,70,75
2024-07-17 05:54:25,70,75
2024-07-17 05:54:27,61,48
2024-07-17 05:54:28,61,47
2024-07-17 05:54:29,60,47
2024-07-17 05:54:30,60,47
2024-07-17 05:54:31,60,46
2024-07-17 05:54:32,60,46
2024-07-17 05:54:33,60,45
2024-07-17 05:54:34,59,45
2024-07-17 05:54:35,59,44
2024-07-17 05:54:36,59,44
2024-07-17 05:54:37,59,43
2024-07-17 05:54:38,59,43
2024-07-17 05:54:39,58,43
2024-07-17 05:54:40,64,90
2024-07-17 05:54:42,64,89
2024-07-17 05:54:43,64,89
2024-07-17 05:54:44,64,88
2024-07-17 05:54:45,64,88
2024-07-17 05:54:46,64,88
2024-07-17 05:54:47,64,87
2024-07-17 05:54:48,64,87
2024-07-17 05:54:49,64,87
2024-07-17 05:54:50,63,87
2024-07-17 05:54:51,63,87
2024-07-17 05:54:52,63,85
2024-07-17 05:54:53,63,85
2024-07-17 05:54:54,63,85
2024-07-17 05:54:55,63,84
2024-07-17 05:54:57,66,75
2024-07-17 05:54:58,66,75
2024-07-17 05:54:59,66,73
2024-07-17 05:55:00,65,73
2024-07-17 05:55:01,65,72
2024-07-17 05:55:02,65,72
2024-07-17 05:55:03,65,71
2024-07-17 05:55:04,65,71
2024-07-17 05:55:05,65,70
2024-07-17 05:55:06,65,69
2024-07-17 05:55:07,65,69
2024-07-17 05:55:08,65,68
2024-07-17 05:55:09,65,68
2024-07-17 05:55:10,65,67
2024-07-17 05:55:12,64,66
2024-07-17 05:55:13,64,66
2024-07-17 05:55:14,64,65
2024-07-17 05:55:15,64,65
2024-07-17 05:55:16,64,64
2024-07-17 05:55:17,64,63
2024-07-17 05:55:18,64,63
2024-07-17 05:55:19,64,62
2024-07-17 05:55:20,63,62
2024-07-17 05:55:21,63,62
2024-07-17 05:55:22,63,60
2024-07-17 05:55:23,63,59
2024-07-17 05:55:24,63,59
2024-07-17 05:55:25,63,58
2024-07-17 05:55:27,63,57
2024-07-17 05:55:28,63,57
2024-07-17 05:55:29,63,56
2024-07-17 05:55:30,62,56
2024-07-17 05:55:31,62,55
2024-07-17 05:55:32,62,54
2024-07-17 05:55:33,62,54
2024-07-17 05:55:34,62,53
2024-07-17 05:55:35,62,52
2024-07-17 05:55:36,62,52
2024-07-17 05:55:37,62,51
2024-07-17 05:55:38,62,50
2024-07-17 05:55:39,62,50
2024-07-17 05:55:40,61,50
2024-07-17 05:55:42,61,48
2024-07-17 05:55:43,61,48
2024-07-17 05:55:44,61,47
2024-07-17 05:55:45,61,46
2024-07-17 05:55:46,61,46
2024-07-17 05:55:47,61,45
2024-07-17 05:55:48,61,45
2024-07-17 05:55:49,61,44
2024-07-17 05:55:50,60,44
2024-07-17 05:55:51,60,44
2024-07-17 05:55:52,60,42
2024-07-17 05:55:53,60,42
2024-07-17 05:55:54,60,41
2024-07-17 05:55:55,82,64
2024-07-17 05:55:57,82,63
2024-07-17 05:55:58,82,63
2024-07-17 05:55:59,82,62
2024-07-17 05:56:00,82,62
2024-07-17 05:56:01,82,61
2024-07-17 05:56:02,82,61
2024-07-17 05:56:03,82,60
2024-07-17 05:56:04,82,60
2024-07-17 05:56:05,82,59
2024-07-17 05:56:06,81,59
2024-07-17 05:56:07,81,58
2024-07-17 05:56:08,81,58
2024-07-17 05:56:09,81,57
2024-07-17 05:56:10,28,80
2024-07-17 05:56:12,27,79
2024-07-17 05:56:13,27,79
2024-07-17 05:56:14,27,78
2024-07-17 05:56:15,26,77
2024-07-17 05:56:16,26,77
2024-07-17 05:56:17,25,77
2024-07-17 05:56:18,25,77
2024-07-17 05:56:19,25,75
2024-07-17 05:56:20,24,74
2024-07-17 05:56:21,24,74
2024-07-17 05:56:22,23,74
2024-07-17 05:56:23,23,72
2024-07-17 05:56:24,22,72
2024-07-17 05:56:25,22,71
2024-07-17 05:56:27,57,26
2024-07-17 05:56:28,57,26
2024-07-17 05:56:29,57,25
2024-07-17 05:56:30,57,25
2024-07-17 05:56:31,57,25
2024-07-17 05:56:32,57,24
2024-07-17 05:56:33,57,24
2024-07-17 05:56:34,57,24
2024-07-17 05:56:35,57,24
2024-07-17 05:56:36,57,24
2024-07-17 05:56:37,57,24
2024-07-17 05:56:38,57,24
2024-07-17 05:56:39,57,24
2024-07-17 05:56:40,57,24
2024-07-17 05:56:42,83,56
2024-07-17 05:56:43,84,55
2024-07-17 05:56:44,84,55
2024-07-17 05:56:45,84,55
2024-07-17 05:56:46,84,55
2024-07-17 05:56:47,85,55
2024-07-17 05:56:48,85,55
2024-07-17 05:56:49,85,55
2024-07-17 05:56:57,31,88
2024-07-17 05:56:58,31,87
2024-07-17 05:56:59,30,86
2024-07-17 05:57:00,29,85
2024-07-17 05:57:01,29,85
2024-07-17 05:57:02,29,84
2024-07-17 05:57:03,28,84
2024-07-17 05:57:04,28,84
2024-07-17 05:57:05,28,82
2024-07-17 05:57:06,28,81
2024-07-17 05:57:07,27,80
2024-07-17 05:57:08,27,80
2024-07-17 05:57:09,27,79
2024-07-17 05:57:10,26,78
2024-07-17 05:57:12,26,78
2024-07-17 05:57:13,26,78
2024-07-17 05:57:14,25,77
2024-07-17 05:57:15,25,75
2024-07-17 05:57:16,25,75
2024-07-17 05:57:17,25,74
2024-07-17 05:57:18,24,73
2024-07-17 05:57:19,24,72
2024-07-17 05:57:20,24,72
2024-07-17 05:57:21,24,71
2024-07-17 05:57:22,23,70
2024-07-17 05:57:23,23,70
2024-07-17 05:57:24,23,69
2024-07-17 05:57:25,22,69
2024-07-17 05:57:27,51,94
2024-07-17 05:57:28,50,94
2024-07-17 05:57:29,50,94
2024-07-17 05:57:30,50,93
2024-07-17 05:57:31,49,93
2024-07-17 05:57:32,49,93
2024-07-17 05:57:33,49,92
2024-07-17 05:57:34,49,92
2024-07-17 05:57:35,48,92
2024-07-17 05:57:36,48,91
2024-07-17 05:57:37,48,91
2024-07-17 05:57:38,47,91
2024-07-17 05:57:39,47,91
2024-07-17 05:57:40,47,90
2024-07-17 05:57:42,35,56
2024-07-17 05:57:43,36,56
2024-07-17 05:57:44,36,56
2024-07-17 05:57:45,37,55
2024-07-17 05:57:46,37,55
2024-07-17 05:57:47,38,55
2024-07-17 05:57:48,38,54
2024-07-17 05:57:49,39,54
2024-07-17 05:57:50,40,54
2024-07-17 05:57:51,40,53
2024-07-17 05:57:52,41,53
2024-07-17 05:57:53,41,53
2024-07-17 05:57:54,42,53
2024-07-17 05:57:55,43,52
2024-07-17 05:57:57,43,52
2024-07-17 05:57:58,44,52
2024-07-17 05:57:59,45,51
2024-07-17 05:58:00,45,51
2024-07-17 05:58:01,46,51
2024-07-17 05:58:02,46,50
2024-07-17 05:58:03,47,50
2024-07-17 05:58:04,48,50
2024-07-17 05:58:05,48,49
2024-07-17 05:58:06,49,49
2024-07-17 05:58:07,49,49
2024-07-17 05:58:08,50,49
2024-07-17 05:58:09,50,48
2024-07-17 05:58:10,51,48
2024-07-17 05:58:12,63,80
2024-07-17 05:58:13,63,79
2024-07-17 05:58:14,63,79
2024-07-17 05:58:15,63,78
2024-07-17 05:58:16,63,78
2024-07-17 05:58:17,63,77
2024-07-17 05:58:18,63,77
2024-07-17 05:58:19,63,76
2024-07-17 05:58:20,63,75
2024-07-17 05:58:21,62,75
2024-07-17 05:58:22,62,74
2024-07-17 05:58:23,62,74
2024-07-17 05:58:24,62,73
2024-07-17 05:58:25,68,42
2024-07-17 05:58:27,68,41
2024-07-17 05:58:28,67,41
2024-07-17 05:58:29,67,40
2024-07-17 05:58:30,67,40
2024-07-17 05:58:31,67,39
2024-07-17 05:58:32,67,39
2024-07-17 05:58:33,66,39
2024-07-17 05:58:34,66,39
2024-07-17 05:58:35,66,39
2024-07-17 05:58:36,66,37
2024-07-17 05:58:37,66,37
2024-07-17 05:58:38,66,36
2024-07-17 05:58:39,66,36
2024-07-17 05:58:40,65,35
2024-07-17 05:58:42,69,56
2024-07-17 05:58:43,69,55
2024-07-17 05:58:44,69,55
2024-07-17 05:58:45,69,54
2024-07-17 05:58:46,69,54
2024-07-17 05:58:47,69,54
2024-07-17 05:58:48,69,53
2024-07-17 05:58:49,68,53
2024-07-17 05:58:50,68,52
2024-07-17 05:58:51,68,52
2024-07-17 05:58:52,68,51
2024-07-17 05:58:53,68,51
2024-07-17 05:58:54,68,50
2024-07-17 05:58:55,59,54
2024-07-17 05:58:57,58,54
2024-07-17 05:58:58,58,53
2024-07-17 05:58:59,58,52
2024-07-17 05:59:00,58,52
2024-07-17 05:59:01,58,51
2024-07-17 05:59:02,58,50
2024-07-17 05:59:03,58,50
2024-07-17 05:59:04,58,49
2024-07-17 05:59:05,58,48
2024-07-17 05:59:06,58,48
2024-07-17 05:59:07,57,47
2024-07-17 05:59:08,57,46
2024-07-17 05:59:09,57,46
2024-07-17 05:59:10,57,45
2024-07-17 05:59:12,64,35
2024-07-17 05:59:13,64,34
2024-07-17 05:59:14,64,34
2024-07-17 05:59:15,64,34
2024-07-17 05:59:16,64,33
2024-07-17 05:59:17,64,33
2024-07-17 05:59:18,63,32
2024-07-17 05:59:19,63,32
2024-07-17 05:59:20,63,31
2024-07-17 05:59:21,62,31
2024-07-17 05:59:22,62,30
2024-07-17 05:59:23,62,30
2024-07-17 05:59:24,62,30
2024-07-17 05:59:25,62,29
2024-07-17 05:59:27,52,50
2024-07-17 05:59:28,52,49
2024-07-17 05:59:29,52,49
2024-07-17 05:59:30,52,48
2024-07-17 05:59:31,52,48
2024-07-17 05:59:32,52,47
2024-07-17 05:59:33,52,46
2024-07-17 05:59:34,51,46
2024-07-17 05:59:35,51,45
2024-07-17 05:59:36,51,44
2024-07-17 05:59:37,51,44
2024-07-17 05:59:38,51,43
2024-07-17 05:59:39,51,43
2024-07-17 05:59:40,51,42
2024-07-17 05:59:42,62,74
2024-07-17 05:59:43,62,73
2024-07-17 05:59:44,63,73
2024-07-17 05:59:45,63,73
2024-07-17 05:59:46,64,72
2024-07-17 05:59:47,64,72
2024-07-17 05:59:48,64,71
2024-07-17 05:59:49,65,71
2024-07-17 05:59:50,65,71
2024-07-17 05:59:51,66,71
2024-07-17 05:59:52,66,71
2024-07-17 05:59:53,67,70
2024-07-17 05:59:54,67,69
2024-07-17 05:59:55,68,69
2024-07-17 05:59:57,78,46
2024-07-17 05:59:58,78,46
2024-07-17 05:59:59,78,46
2024-07-17 06:00:00,78,45
2024-07-17 06:00:01,78,45
2024-07-17 06:00:02,78,44
2024-07-17 06:00:03,78,44
2024-07-17 06:00:04,78,43
2024-07-17 06:00:05,78,43
2024-07-17 06:00:06,78,42
2024-07-17 06:00:07,77,42
2024-07-17 06:00:08,77,42
2024-07-17 06:00:09,77,41
2024-07-17 06:00:10,77,41
2024-07-17 06:00:12,77,40
2024-07-17 06:00:13,77,40
2024-07-17 06:00:14,77,39
2024-07-17 06:00:15,77,39
2024-07-17 06:00:16,77,38
2024-07-17 06:00:17,77,38
2024-07-17 06:00:18,77,37
2024-07-17 06:00:19,76,37
2024-07-17 06:00:20,76,37
2024-07-17 06:00:21,76,36
2024-07-17 06:00:22,76,36
2024-07-17 06:00:23,76,35
2024-07-17 06:00:24,76,35
2024-07-17 06:00:25,76,35
2024-07-17 06:00:27,63,49
2024-07-17 06:00:28,63,49
2024-07-17 06:00:29,63,48
2024-07-17 06:00:30,63,48
2024-07-17 06:00:31,63,47
2024-07-17 06:00:32,63,47
2024-07-17 06:00:33,63,46
2024-07-17 06:00:34,63,46
2024-07-17 06:00:35,63,45
2024-07-17 06:00:36,63,45
2024-07-17 06:00:37,62,45
2024-07-17 06:00:38,62,45
2024-07-17 06:00:39,62,43
2024-07-17 06:00:40,84,60
2024-07-17 06:00:42,85,60
2024-07-17 06:00:43,85,60
2024-07-17 06:00:44,85,60
2024-07-17 06:00:45,85,60
2024-07-17 06:00:46,85,60
2024-07-17 06:00:47,86,60
2024-07-17 06:00:48,86,59
2024-07-17 06:00:49,86,59
2024-07-17 06:00:50,86,59
2024-07-17 06:00:51,86,59
2024-07-17 06:00:52,87,59
2024-07-17 06:00:53,87,59
2024-07-17 06:00:54,87,59
2024-07-17 06:00:55,87,59
2024-07-17 06:00:57,85,53
2024-07-17 06:00:58,85,52
2024-07-17 06:00:59,85,52
2024-07-17 06:01:00,86,52
2024-07-17 06:01:01,86,52
2024-07-17 06:01:02,86,52
2024-07-17 06:01:03,86,52
2024-07-17 06:01:04,86,51
2024-07-17 06:01:05,86,51
2024-07-17 06:01:06,87,51
2024-07-17 06:01:07,87,51
2024-07-17 06:01:08,87,51
2024-07-17 06:01:09,87,51
2024-07-17 06:01:10,87,50
2024-07-17 06:01:12,60,30
2024-07-17 06:01:13,60,30
2024-07-17 06:01:14,60,30
2024-07-17 06:01:15,60,29
2024-07-17 06:01:16,60,29
2024-07-17 06:01:17,60,29
2024-07-17 06:01:18,60,28
2024-07-17 06:01:19,60,28
2024-07-17 06:01:20,60,28
2024-07-17 06:01:21,60,27
2024-07-17 06:01:22,59,27
2024-07-17 06:01:23,59,27
2024-07-17 06:01:24,59,26
2024-07-17 06:01:25,73,46
2024-07-17 06:01:27,73,46
2024-07-17 06:01:28,73,45
2024-07-17 06:01:29,74,45
2024-07-17 06:01:30,74,45
2024-07-17 06:01:31,74,45
2024-07-17 06:01:32,75,45
2024-07-17 06:01:33,75,45
2024-07-17 06:01:34,75,45
2024-07-17 06:01:35,75,45
2024-07-17 06:01:36,76,45
2024-07-17 06:01:37,76,45
2024-07-17 06:01:38,76,45
2024-07-17 06:01:39,77,45
2024-07-17 06:01:40,77,45
2024-07-17 06:01:42,69,34
2024-07-17 06:01:43,69,33
2024-07-17 06:01:44,69,33
2024-07-17 06:01:45,68,33
2024-07-17 06:01:46,68,32
2024-07-17 06:01:47,68,32
2024-07-17 06:01:48,68,31
2024-07-17 06:01:49,68,31
2024-07-17 06:01:50,68,31
2024-07-17 06:01:51,68,30
2024-07-17 06:01:52,67,30
2024-07-17 06:01:53,67,30
2024-07-17 06:01:54,67,29
2024-07-17 06:01:55,87,57
